snp	bp	z	neff
rs1641521	7550143	0.8270	23324.8
rs1641519	7550166	0.8130	23327.5
rs1619016	7550553	0.7970	23342.3
rs1642813	7551072	0.9870	23322.9
rs1613115	7551203	0.6280	23077.4
rs1613071	7551229	0.7480	23340.0
rs2541010	7551320	0.7480	23340.0
rs2543556	7551399	0.7260	23338.6
rs1641518	7551690	0.9390	23316.5
rs1641517	7551730	0.7600	23335.4
rs1641516	7551948	0.6430	23322.9
rs1641515	7551950	0.6430	23324.8
rs72829446	7552123	0.1940	23073.3
rs1641514	7552909	0.9280	23290.2
rs1641513	7554242	0.9210	23212.8
rs41283405	7557060	-0.0700	23172.3
rs1642763	7557419	0.8420	23147.0
rs36041343	7557630	-0.5260	23119.8
rs1641512	7559462	0.9860	23032.3
rs1641511	7559677	1.0580	23053.9
rs1050540	7560742	-1.3600	22757.8
rs1641510	7561496	0.6180	23051.6
rs35899238	7562174	-1.6140	22931.4
rs28461213	7562790	-1.6190	22916.2
rs144855048	7562896	-1.3770	23101.8
rs35119871	7567515	-1.4950	22896.4
rs72829457	7568327	0.2230	22869.2
rs8073498	7569698	-1.3840	23099.5
rs9893249	7570189	-1.3870	23086.2
rs17884306	7572101	-0.2930	23196.7
rs17879377	7574721	-0.3690	23154.3
rs9891744	7574864	-0.0150	23052.6
rs12949655	7575733	-1.2740	23073.3
rs75732100	7576348	-0.2510	23200.9
rs12947788	7577427	-1.2460	23116.1
rs12944939	7580500	-1.1590	22946.6
rs1642782	7581124	-0.5710	23254.3
rs1794284	7581271	-0.3100	23207.3
rs2078486	7583083	-0.6250	23342.7
rs12945970	7584032	-0.5960	23342.7
rs17881035	7587899	-0.5460	23316.9
rs17882227	7588560	-0.5310	23348.7
rs2287498	7592560	-0.4470	23350.6
rs2287497	7592780	-1.1160	23190.7
rs34289079	7593319	-0.1270	23116.6
rs139439532	7596802	-1.1030	23177.4
rs144992568	7596803	-1.0790	23175.5
rs35922565	7598212	-1.2310	23178.8
rs35040041	7598479	-0.8490	22990.8
rs12939581	7599859	-0.9920	23177.4
rs12941981	7608462	-1.7780	23100.0
rs3744263	7613708	-1.3460	22741.6
rs3744262	7613765	-0.1630	22729.7
rs7141	7614601	-0.7460	23198.1
rs56371490	7615143	-0.0380	22897.8
rs9907011	7615286	-1.3190	22884.0
rs9906502	7615745	-1.2410	22771.6
rs67022015	7617165	-1.7340	23148.8
rs12943024	7617209	-1.8510	23156.2
rs62062590	7617378	1.0090	22762.4
rs11867748	7617662	-1.5520	23176.0
rs11870307	7617787	-0.3070	23056.7
rs60370790	7617955	-0.6230	22871.5
rs62062593	7618026	0.8100	22804.3
rs11651917	7618604	0.5810	22976.6
rs34873228	7618737	-1.4470	23175.1
rs1123547	7619861	-0.3540	23147.9
rs7208469	7619871	0.6380	23020.8
rs4246412	7620595	-0.5700	23165.9
rs4968206	7620702	-1.3600	23040.1
rs3803802	7621464	-1.1770	23268.6
rs7359524	7621528	0.7170	23049.8
rs58049067	7621561	-1.5330	23186.6
rs1544724	7621777	-1.0880	23351.0
rs1544725	7621877	-1.3040	23126.7
rs3744260	7621943	-0.4730	23245.1
rs3744259	7622209	-0.4790	23239.1
rs3744258	7623394	-0.3800	23262.1
rs307627	7625063	-0.0140	23096.8
rs72829783	7625197	-0.3580	23050.2
rs2543540	7631671	0.7510	22847.6
rs62062609	7631694	-0.4920	23078.3
rs16956936	7633692	-0.4380	23113.8
rs62062610	7633766	-0.4510	23114.7
rs62062611	7634055	-0.4650	23112.9
rs2955607	7634147	0.9780	22849.0
rs62062612	7635265	-0.4050	23106.4
rs16956939	7635815	-0.3930	23101.8
rs112008397	7636959	-0.4750	23087.1
rs839721	7639749	1.0520	23363.0
rs62062613	7642035	-0.4450	22955.8
rs1988778	7669197	2.0090	23158.0
rs112893916	7669520	1.5410	23126.2
rs17733320	7669870	-0.1270	22776.2
rs8072442	7670043	1.9710	23160.3
rs62059664	7670236	-0.2080	22763.3
rs62059665	7671942	-0.2460	22775.3
rs7219467	7672395	1.6780	23269.0
rs9902382	7675260	1.0020	22864.2
rs2871358	7675473	-0.1770	23008.3
rs11652091	7676113	-1.0490	22873.4
rs56095308	7676359	-0.3540	22970.1
rs4791759	7677927	2.0650	23345.0
rs11653849	7679048	2.2610	23242.3
rs11658349	7679664	2.3290	23186.6
rs62059684	7680159	0.1020	23083.0
rs9303221	7680322	2.0620	23316.0
rs62059685	7681986	0.1910	23093.1
rs9915452	7682138	0.7210	22792.3
rs72840089	7682439	0.0760	23057.6
rs9905906	7685748	0.3810	23256.6
rs11869874	7686403	0.0460	23263.0
rs62059687	7686770	0.0080	23269.0
rs72840091	7687138	0.0670	23264.0
rs6503060	7688182	0.3080	23341.8
rs6503061	7688241	0.2030	23312.8
rs8078048	7688560	0.2170	23305.9
rs60071843	7689047	0.0370	22898.2
rs8070826	7691628	0.8100	23039.7
rs1994911	7692378	1.0860	22993.1
rs2309810	7692510	0.7860	22883.0
rs4791329	7693455	0.5710	23216.5
rs9905612	7694085	0.4990	23231.3
rs12942745	7697200	1.6350	23275.5
rs4233018	7698599	0.3360	23363.0
rs9904105	7699046	0.3810	23335.4
rs111683614	7700303	-0.4440	23265.8
rs1565817	7700712	0.3580	23346.9
rs8072174	7701204	-0.4140	23278.2
rs2131810	7701806	-0.3680	23287.9
rs12949280	7702357	1.7560	23264.0
rs8073332	7705410	-0.4560	23206.9
rs8066414	7706942	1.6310	23235.0
rs56187054	7707839	-0.4320	23250.2
rs9889268	7708096	0.5300	23231.7
rs7221056	7711126	-0.6110	23196.7
rs6503062	7713781	0.2980	23240.9
rs9905830	7715481	0.2520	23275.5
rs55649728	7715591	-0.5580	23229.9
rs9303223	7716176	1.7360	23292.1
rs9912616	7716380	-0.5490	23308.6
rs9907759	7718495	0.2820	23116.6
rs7213894	7722365	0.8230	23217.0
rs60261761	7730319	-2.0430	23073.3
rs7406118	7731357	-0.4030	23070.1
rs10852892	7732957	-1.3260	22898.2
rs12603355	7733037	-1.3050	22839.3
rs61745181	7735934	-1.5510	23121.2
rs12945870	7737331	-0.4790	22968.7
rs77543954	7737717	-1.6010	23150.2
rs4130668	7739664	-0.6620	23126.2
rs4791840	7744193	-0.0610	23206.9
rs73232402	7744837	2.1570	23122.1
rs144885000	7747866	2.3100	23153.4
rs56880362	7750357	2.1810	23121.6
rs2270517	7750847	-0.1100	23073.3
rs73233606	7750936	2.3150	23091.2
rs3744249	7751778	-0.2120	23179.7
rs7406493	7754073	-1.8580	23181.1
rs8075929	7754121	2.2660	23119.3
rs12939056	7754993	-0.4980	22892.7
rs8065467	7758746	2.1500	23123.5
rs55809496	7759477	-0.4330	22965.0
rs4724	7760397	-0.1850	23214.2
rs8522	7760704	-0.0150	23317.9
rs12453250	7761512	-0.2200	23259.8
rs1565816	7767488	-0.0840	23351.5
rs4290529	7767731	-0.0150	23244.6
rs8070084	7769688	-0.3120	23148.4
rs8074085	7769705	0.1600	22933.7
rs76730553	7771462	0.6490	23229.4
rs16957013	7772242	-0.1650	23312.8
rs16957022	7773353	-0.3970	23270.4
rs55680968	7774047	0.7400	23284.7
rs4265881	7774759	-0.0130	23338.1
rs58208066	7775652	2.1360	23138.7
rs8078725	7776581	0.0170	23341.4
rs58794057	7776827	-1.5450	23255.7
rs11078710	7777041	0.0660	23355.6
rs11078711	7777214	0.7670	23295.3
rs73233637	7777543	2.1090	23189.8
rs28712472	7778250	-1.5150	23170.5
rs7217873	7778557	2.0670	23191.2
rs12937245	7778890	0.2830	22805.2
rs7223364	7780709	1.4820	23234.5
rs74439044	7781019	0.4890	23251.5
rs76833657	7781020	0.6400	23281.9
rs8081871	7781061	2.2860	23198.1
rs7406902	7781084	0.0830	23338.6
rs60712401	7781837	2.1720	23193.5
rs59328845	7782040	0.7120	23289.8
rs4791889	7783125	-1.4250	23207.8
rs2029739	7783998	-1.4560	23205.9
rs73233646	7786181	2.2900	23146.5
rs4321249	7795529	-1.0840	22853.1
rs11078713	7795972	-0.9690	22725.1
rs9889962	7801509	-1.5270	23106.4
rs7222046	7806529	-0.8800	22937.4
rs4239111	7811998	-0.3330	23217.0
rs12944116	7816838	-1.6400	22863.2
rs34135807	7818542	-1.6340	22856.3
rs11078716	7820183	-1.8760	23243.7
rs9902772	7823486	-1.6200	22852.6
rs4444395	7828275	-2.2830	23194.4
rs10852894	7828558	-2.3870	23220.7
rs8070212	7829928	-1.8750	23129.0
rs9908139	7830610	-2.1870	23045.2
rs58442588	7831923	-1.7950	23132.2
rs9898955	7832766	-2.1750	23261.2
rs9911390	7833223	-2.1750	23275.5
rs11656822	7833280	-2.0160	23151.1
rs9899694	7835332	-1.6920	23141.4
rs4435314	7835659	-2.0590	23093.1
rs4239114	7836818	-2.2750	23273.6
rs4239115	7836958	-2.2870	23276.9
rs4791987	7840679	-2.0830	23193.5
rs7224754	7840795	-2.0460	23192.6
rs11078717	7841805	-2.0740	23188.9
rs11078718	7842102	-2.0390	23187.0
rs11652681	7842449	-2.0480	23184.3
rs11078719	7843053	-2.0750	23189.8
rs11650894	7844781	-2.1220	23182.0
rs35395589	7845047	-2.1050	23187.5
rs12601767	7846415	-1.8650	23169.1
rs7207022	7846684	-2.1080	23194.0
rs7207775	7847179	-2.1080	23194.4
rs7209704	7847204	-2.2830	23351.0
rs11650083	7847955	-2.3190	23353.3
rs4791993	7848058	-2.3090	23352.9
rs4239116	7848508	-2.3820	23352.4
rs4462664	7848717	-2.3820	23352.4
rs4473260	7848794	-2.2430	23279.2
rs11654985	7849585	-2.3690	23346.9
rs4791410	7849939	-2.3580	23349.6
rs7226300	7850364	-2.3550	23311.0
rs7210366	7850437	-1.8590	22738.4
rs7211792	7852528	-2.3950	23344.1
rs7217194	7852887	-1.9160	23197.6
rs4792000	7853223	-2.3750	23307.3
rs4792002	7853356	-2.0130	23225.7
rs12601100	7854165	-1.9970	23164.5
rs4239118	7854830	-2.0450	23221.1
rs11654421	7856119	-2.3080	23287.0
rs11650268	7856438	-2.5220	23338.1
rs4491592	7858901	-2.3650	23249.7
rs4239119	7858924	-2.0740	23205.0
rs4239120	7858958	-2.1870	23209.2
rs7212233	7860000	-1.8370	23170.0
rs11655693	7860488	-2.1560	23193.0
rs7225505	7861810	-1.8460	22793.7
rs12951228	7864273	-1.9240	22791.4
rs11078720	7864754	-1.9540	22791.8
rs11650003	7866604	-2.0110	22787.7
rs55658257	7868383	-1.6270	22755.5
rs4792020	7868810	-1.9740	22778.5
rs72841462	7870018	-2.2850	22721.8
rs12946706	7882666	-2.3710	23149.3
rs11078722	7885225	-1.4690	22971.9
rs4792058	7889206	-2.4730	23165.4
rs4792061	7889455	-2.4480	23164.0
rs11655902	7890309	-1.8840	22857.3
rs35311448	7891010	-2.5150	23180.6
rs11658609	7892586	-1.4960	23136.8
rs8073033	7893174	-2.3870	23316.9
rs11650374	7893794	-1.9660	22808.9
rs35970757	7894817	-1.9200	22860.5
rs9902583	7898057	-2.5900	23200.9
rs11078723	7898406	-1.3580	23176.0
rs11078724	7898460	-2.5790	23184.3
rs11078725	7898615	-1.4780	23306.8
rs4791443	7899310	-2.7070	23208.7
rs12600979	7899551	-1.3550	23200.9
rs4435315	7901782	-1.4360	23309.1
rs35261002	7901979	-1.5150	22738.4
rs34898068	7903330	-1.3660	23267.2
rs7501530	7903610	-1.4710	23351.0
rs34743339	7903713	-1.5660	22725.5
rs9889612	7904384	-1.3610	23244.2
rs61749665	7906519	-1.4010	23274.1
rs9891219	7914000	-1.4930	22918.5
rs3813585	7918490	-1.8890	22972.9
rs7503918	7922025	-1.6830	22829.2
rs7501868	7922051	-3.1160	23285.2
rs2816	7923564	-2.9330	23326.6
rs4791456	7923861	-2.6490	22977.9
rs6503069	7924855	-2.7910	23014.8
rs4130509	7930778	-0.6830	23217.0
rs7215436	7931284	-1.0900	23008.8
rs4468690	7940754	1.8390	23217.0
rs4297769	7944048	-0.7770	23073.3
rs4247362	7944542	-0.7560	23363.0
rs4411555	7944609	1.2040	22935.1
rs11655828	7945079	-0.7060	23308.2
rs7503115	7945593	-0.6530	23306.3
rs72842909	7945919	0.9760	23118.0
rs4792144	7947113	-0.7160	23270.4
rs2235097	7949706	0.8890	23210.1
rs7211321	7952935	0.3770	22736.1
rs8072536	7953070	0.5750	23109.7
rs9916382	7955728	-1.0880	22784.9
rs72842928	7956759	0.4310	23135.5
rs8075453	7957528	-0.1470	22902.9
rs6503072	7958845	-0.1560	22861.9
rs9912874	7959025	-0.9910	22779.4
rs72842932	7960224	1.0980	23179.7
rs8073913	7961377	-0.4540	23022.6
rs9911432	7962160	-0.4650	22996.8
rs72842938	7962175	1.0890	23099.1
rs4271649	7963164	0.6960	23269.5
rs6503073	7963356	-0.0470	23079.3
rs4791474	7965613	0.4750	23172.3
rs59403148	7966861	1.1050	23087.6
rs58575433	7966919	1.1090	23098.6
rs8069254	7967045	-0.0820	23131.8
rs8075527	7968360	0.3390	23021.2
rs72842946	7970759	-0.9840	23023.5
rs60377846	7971179	-0.5520	22896.4
rs9891293	7971267	-0.2570	22842.5
rs9910732	7971301	-0.8430	22947.5
rs12601874	7971549	-1.0800	23059.9
rs9911427	7971640	-0.7980	23013.4
rs9911644	7971701	-0.7630	22989.9
rs12601905	7971791	0.5390	23263.0
rs3935951	7974416	0.9080	23272.7
rs3922494	7974498	0.8990	23236.3
rs12943817	7974834	-1.3290	23261.2
rs12603935	7975452	-0.6390	23051.2
rs12937410	7977105	0.8300	23229.0
rs7219102	7977368	0.8270	23211.9
rs6503075	7978751	0.4090	22898.7
rs3027208	8014308	-1.5790	23311.0
rs6503085	8036060	-4.8140	22838.4
rs9893434	8036073	-5.4210	22919.0
rs6503086	8036628	-4.8620	22967.3
rs9912892	8038634	-5.3950	23151.6
rs7221412	8041014	-4.4490	23076.0
rs9901632	8042131	-4.9900	23177.8
rs6416892	8042860	-4.4820	23037.4
rs2585408	8043753	-5.0550	23327.5
rs2289591	8048010	3.6900	22823.2
rs10462024	8051639	3.3780	22790.0
rs2585399	8054759	5.6630	22959.0
rs2585398	8054860	6.1950	22743.5
rs3027172	8055723	3.6080	23044.7
rs2518023	8056606	1.1940	23268.1
rs2518022	8057367	1.0480	23266.3
rs3027160	8057572	3.4310	23166.3
rs3027169	8058814	3.4540	23164.5
rs3027167	8059117	4.3920	23239.6
rs4792265	8060571	1.0540	23263.5
rs74335520	8060646	1.6620	23106.4
rs8076025	8061238	1.0540	23263.5
rs4792267	8061337	4.3880	23259.8
rs2278637	8062102	4.4410	23319.2
rs959303	8062199	4.4140	23316.5
rs2304909	8066107	4.7050	23184.3
rs8066511	8066433	4.7210	23184.3
rs8066513	8066441	4.6340	23151.6
rs8067606	8066783	4.1830	23250.6
rs113503695	8067067	1.6450	23310.5
rs11656359	8069021	4.2390	23241.4
rs139067265	8069239	1.9620	23197.2
rs73245423	8071480	1.7320	23252.5
rs12944041	8073097	5.9400	22982.1
rs6503089	8073296	4.6930	23185.7
rs150491398	8074039	3.6240	23205.9
rs72479723	8076741	3.6630	23156.2
rs56346215	8076917	3.6130	23156.6
rs8069739	8078765	4.3500	23317.4
rs78413898	8079496	1.5760	23265.8
rs6503090	8080409	0.8580	23105.1
rs7223859	8080853	3.7510	23236.8
rs112478160	8083626	1.5510	23319.7
rs12952757	8084676	2.7170	23216.1
rs74739791	8086154	2.2040	23289.3
rs80226303	8086625	1.5390	23318.3
rs141473399	8087031	2.1960	23289.8
rs9908995	8087353	5.7310	23288.4
rs117064519	8088390	2.6940	23312.3
rs8070063	8088612	5.9970	23108.7
rs76800617	8090294	1.5380	23323.8
rs113898258	8090669	1.5980	23268.1
rs3027267	8090895	2.6990	23345.0
rs1476161	8090908	5.5250	23261.7
rs1476162	8091083	1.1540	23296.2
rs8531	8092694	2.1550	23264.0
rs78177159	8094252	1.7360	23254.8
rs11655996	8094753	3.8130	23137.8
rs117347460	8097171	4.0000	23158.0
rs55915523	8098765	5.0180	23128.6
rs111581595	8098919	1.6270	23314.2
rs9891949	8099183	4.6870	23205.5
rs142499516	8099305	1.6670	23306.8
rs9900848	8099371	1.2550	23294.8
rs4247363	8100372	1.7320	23321.1
rs112974534	8100505	1.6080	23306.3
rs74892610	8100571	1.6000	23307.7
rs11656950	8100866	5.5440	23147.4
rs11078734	8101224	1.1670	23305.9
rs12450973	8101965	1.5190	23294.8
rs113902013	8102026	1.6610	23303.1
rs4791618	8102415	4.5760	23220.7
rs12943463	8103027	5.6220	23172.8
rs11651453	8103695	4.2200	23175.1
rs113170630	8103969	4.1230	23183.8
rs12950021	8105698	1.1700	23247.8
rs11650444	8106317	4.1960	23199.5
rs147130570	8107027	1.5050	23230.3
rs117422032	8107143	1.6660	23248.3
rs7503353	8107979	5.9810	23232.6
rs1059476	8108331	1.4100	23263.0
rs2241909	8108339	4.6650	23211.0
rs6503091	8109598	5.2530	23194.0
rs2289590	8110764	5.6640	23168.6
rs3027257	8112253	2.2790	23211.5
rs3744783	8112407	1.5910	23280.1
rs7218366	8112440	1.0160	23166.8
rs113144632	8112502	1.6070	23250.2
rs3027260	8113186	1.6200	23295.8
rs76841187	8113885	1.6100	23252.5
rs112157766	8114322	1.6350	23253.8
rs11651993	8115774	4.1440	23268.1
rs7222731	8116232	1.7100	23164.0
rs4792588	8116821	1.4240	23242.3
rs11078735	8116861	4.1390	23264.9
rs4792589	8117088	1.4210	23231.7
rs4792590	8117115	1.0550	23258.0
rs142230565	8117305	4.1480	23280.1
rs55667381	8117774	4.9560	23211.0
rs8075680	8118745	5.0260	23197.6
rs12451139	8119626	4.1620	23284.7
rs111441629	8121044	1.7290	23251.5
rs7219471	8121594	4.1590	23275.0
rs7219489	8121622	4.6130	23233.1
rs56256903	8123128	4.1170	23231.3
rs111652310	8124169	1.7650	23254.8
rs12938531	8125541	5.9450	23045.6
rs7210250	8126809	1.6230	23256.1
rs8078338	8129160	5.8430	23118.4
rs75503577	8129411	1.7370	23259.8
rs3027251	8129691	1.1770	23257.5
rs3027247	8130867	4.5640	23328.0
rs3027246	8131223	4.0590	23317.9
rs3027244	8131665	-0.0210	23239.6
rs111992807	8132388	1.5450	23309.6
rs3826543	8132763	1.9950	23223.4
rs7503199	8134275	4.8980	23231.7
rs11655447	8136816	5.1820	23161.7
rs4792621	8137737	1.0150	23264.9
rs66582670	8139339	4.8730	23183.4
rs58532865	8139760	4.9850	23139.6
rs72635516	8140097	4.9020	23178.3
rs117819634	8140937	1.6730	23285.6
rs11655903	8141324	4.8930	23181.5
rs74252612	8142100	3.8230	23204.1
rs9896745	8142129	4.4360	23214.7
rs111307754	8142263	1.6650	23247.8
rs76091569	8142824	1.0930	23219.3
rs7211247	8144153	4.9040	23165.4
rs113697538	8144805	1.6190	23299.9
rs74392424	8145313	1.7710	23282.4
rs140388689	8145433	3.8410	23197.6
rs62063135	8147745	1.0310	23242.3
rs62063136	8148530	1.0420	23228.5
rs200087640	8149169	1.8010	23279.2
rs140092396	8149301	0.1200	23189.8
rs9912921	8149358	1.8000	23301.7
rs12051691	8149787	5.5550	23161.7
rs12451800	8150723	1.8320	23288.4
rs11650557	8150818	4.8690	23154.8
rs74252613	8150923	1.7770	23292.1
rs9900397	8151476	1.7250	23295.3
rs59658031	8151968	2.2480	23275.0
rs78286057	8152039	3.8460	23181.5
rs11078736	8152930	2.8640	23144.2
rs78784976	8153794	1.6060	23289.8
rs77535996	8154240	0.8870	23240.9
rs59752684	8154615	1.7240	23292.1
rs111458481	8154792	1.6570	23298.5
rs4791636	8155115	1.6120	23289.8
rs76727513	8155662	1.7200	23291.1
rs8065961	8155872	1.6830	23290.7
rs111290745	8157096	1.7670	23241.9
rs9891699	8157310	1.6750	23188.0
rs6503094	8158273	1.6850	23192.6
rs111439370	8160486	1.6320	23299.9
rs112152102	8161056	1.7360	23235.9
rs4791641	8161149	6.0320	23131.3
rs10468482	8162820	1.4320	23166.8
rs62063138	8162862	0.9040	23218.4
rs62063139	8163324	0.9850	23218.8
rs7225220	8163374	0.9090	23260.7
rs112315195	8164035	1.6430	23231.7
rs56309584	8164352	4.7890	23089.4
rs10468467	8164578	1.3180	23146.1
rs112362663	8165943	0.9240	23198.1
rs4792700	8166091	1.3690	22965.5
rs11078738	8167600	2.3970	23165.4
rs9902252	8168224	2.1700	23172.8
rs9897842	8168805	1.9300	23163.6
rs11655563	8169006	1.9110	23205.0
rs113818338	8169138	1.1010	23259.4
rs112600059	8169350	1.1490	23320.6
rs62063140	8170580	0.4600	23300.8
rs78410359	8170830	1.0100	23260.7
rs12951103	8172732	2.0530	23220.2
rs1132554	8173767	5.6280	22989.0
rs7225429	8174893	2.5390	23240.9
rs7207355	8175001	2.7130	23199.0
rs7207540	8175141	4.4770	22988.5
rs112654221	8175151	4.5830	22983.5
rs11649742	8176415	4.4300	23078.8
rs8071444	8176577	2.4990	23210.5
rs6416893	8177048	1.7740	23125.3
rs78605249	8177326	1.1190	23316.5
rs117854193	8178467	4.3520	23074.2
rs112431575	8178616	1.4320	23263.0
rs76462320	8178934	1.3710	23255.7
rs113737333	8179150	1.4410	23265.4
rs11651599	8179512	4.4330	23078.8
rs62063143	8179528	0.2120	23202.7
rs75072697	8179996	1.4750	23263.0
rs139330504	8181032	0.0180	23178.3
rs8068367	8181058	2.5370	23213.3
rs78393363	8181291	0.4490	23322.0
rs9889238	8181967	2.8320	23132.2
rs58459129	8182258	2.8800	23137.3
rs79108069	8182299	1.1070	23324.8
rs78751286	8182455	1.0480	23177.8
rs80303241	8182515	1.0820	23327.1
rs11078739	8183681	2.2260	23263.5
rs11652218	8183883	2.4800	23246.5
rs62063145	8183940	0.3550	23328.0
rs11653041	8184270	4.4830	23049.3
rs62063147	8184309	0.3530	23327.5
rs62063148	8184550	0.4000	23322.5
rs113328120	8185548	4.4600	23070.1
rs144103726	8185595	1.1220	23322.9
rs4791663	8185902	5.6810	23029.5
rs8075078	8186096	4.4350	23081.6
rs4792722	8186138	2.5060	23360.7
rs111766775	8187243	1.0650	23321.1
rs113989089	8188266	1.1220	23116.1
rs62063151	8189662	0.3580	23328.5
rs78241146	8189829	1.1440	23112.9
rs56970209	8190242	0.9940	23108.7
rs6503097	8190253	2.1190	23287.9
rs113761649	8190416	0.9460	23313.3
rs111476121	8191938	1.1220	23116.1
rs113617815	8191951	1.1220	23115.2
rs869773	8192922	1.2000	23228.0
rs111417202	8192970	1.0390	23323.8
rs11245	8193473	2.4400	23268.6
rs72835272	8194318	5.7300	22739.8
rs6503098	8194319	2.4800	23268.1
rs1861954	8198504	0.5180	23218.8
rs7222451	8199481	5.5090	22788.2
rs7208948	8199529	0.2700	23335.4
rs62063153	8199847	0.1030	23303.1
rs62063154	8200248	0.1380	23302.7
rs12603203	8200426	0.5650	23198.1
rs62063155	8201271	2.1460	23194.9
rs62063156	8201317	2.0720	23181.5
rs115992893	8201494	2.1460	23202.7
rs112418852	8202009	0.5750	23150.7
rs141567988	8202578	2.1370	23200.4
rs62063157	8202664	2.0580	23182.4
rs183078459	8202821	0.5650	23151.1
rs112609247	8203264	0.5710	23089.9
rs62063158	8203336	2.1650	23194.4
rs111617716	8203511	0.4520	23137.3
rs77883720	8203514	2.1370	23200.4
rs56248782	8204834	2.1610	23195.3
rs9748119	8205070	0.1720	23334.9
rs145192396	8205211	0.5670	23149.7
rs62064261	8205225	2.1430	23205.5
rs4291968	8205632	0.2450	23329.8
rs576781945	8205644	0.5870	23153.0
rs115888891	8205886	1.9410	23204.1
rs9889450	8206186	1.7260	23140.1
rs75355362	8206580	0.4490	23148.8
rs59942153	8207240	0.5170	23275.9
rs113942281	8207383	0.5710	23156.2
rs28549738	8207441	0.5170	23275.9
rs7219784	8207593	1.7440	23146.5
rs4792734	8208155	0.4010	23363.0
rs62064262	8208186	1.9220	23196.7
rs12603342	8208773	0.7260	23293.9
rs57174739	8209517	0.4560	23353.3
rs72479724	8210566	-0.0940	23233.1
rs7216823	8210590	1.8500	23190.7
rs9907217	8210601	1.9390	23134.1
rs7216400	8210667	0.8520	23294.8
rs117944050	8211041	-0.0450	23226.7
rs74561499	8211835	0.4070	23340.4
rs62064280	8212459	1.9800	23206.9
rs62064281	8212519	1.9800	23206.9
rs2302868	8214315	0.2790	23261.2
rs9908765	8214427	4.9960	22957.7
rs9911486	8214567	0.3940	23290.2
rs8071096	8214717	5.2420	23103.7
rs74919454	8215047	0.9650	23159.4
rs3744651	8215534	4.0090	23094.0
rs871841	8216468	4.9370	23165.9
rs2302867	8216737	4.0560	23112.0
rs62064282	8217164	1.7670	23198.6
rs4791668	8217379	4.0670	23091.7
rs2270445	8219478	4.6190	23155.3
rs3744646	8224133	-2.0740	22860.5
rs3744647	8224276	-2.8250	23216.5
rs1045172	8225768	-0.3930	23037.8
rs2430	8225787	-0.3940	23038.3
rs9907436	8225873	2.7210	22927.3
rs62064286	8226090	-0.4430	23038.7
rs10852899	8226168	2.6970	22930.5
rs11652826	8226383	0.9660	22913.9
rs4791669	8226880	-2.9850	23185.2
rs6503099	8228300	-0.4890	23070.1
rs62064287	8229219	1.3830	23134.1
rs62064288	8229750	1.3410	23138.7
rs3744650	8230449	-3.0080	23159.9
rs7216087	8233061	1.3490	23176.9
rs12600950	8233085	1.8960	23317.9
rs7220736	8233263	-3.1560	23292.1
rs7214820	8233281	-3.1600	23288.8
rs12939913	8235070	1.9450	23303.1
rs1861952	8235304	-3.0630	23310.5
rs9889671	8236384	1.9060	23311.4
rs7503044	8236797	-1.4680	23022.6
rs112412559	8237137	0.9720	23073.3
rs9905816	8238923	-3.0240	23307.3
rs7221194	8240800	-3.0410	23300.8
rs6503102	8241190	-0.7690	23270.9
rs8069620	8241651	0.9840	23311.0
rs8069158	8241673	1.4040	23296.7
rs8067999	8241702	1.4310	23293.4
rs12952489	8241891	-3.0010	23289.8
rs62064293	8242095	1.3390	23289.3
rs12943505	8243469	1.7330	23279.6
rs12601097	8243661	-3.1440	23330.8
rs12936935	8243785	-3.0900	23344.1
rs28593705	8244232	0.9300	23091.2
rs4791531	8244296	-3.1590	23319.7
rs7213495	8244978	1.4200	23299.0
rs7218192	8244983	1.4200	23299.0
rs7213527	8245040	-2.8680	23335.8
rs8070734	8245145	-0.7380	23278.2
rs6503103	8245165	-2.8670	23335.8
rs11654538	8245234	1.4340	23297.6
rs59204596	8245291	1.4340	23296.7
rs57799067	8245529	1.4200	23296.2
rs58424138	8245656	1.4360	23285.2
rs56850853	8245668	1.4220	23285.2
rs60447353	8245692	1.4350	23285.6
rs80053572	8251162	-0.6360	23265.8
rs62064314	8251205	1.2190	23280.1
rs7218568	8251364	1.1870	23292.1
rs62064315	8251468	1.1860	23293.9
rs79223863	8251559	0.8120	23037.4
rs2313148	8251845	1.1480	23330.3
rs3969432	8251911	-2.9510	23265.4
rs4791535	8252243	-2.9510	23265.4
rs4792336	8252466	1.9790	23237.3
rs4792337	8252606	1.1440	23320.6
rs4792338	8252745	1.1440	23324.8
rs4791536	8252760	1.1440	23323.4
rs4791537	8252794	1.1440	23323.4
rs4791538	8252856	1.1440	23323.8
rs9909643	8253383	1.9110	23232.6
rs9890661	8253488	-2.9930	23257.5
rs11653709	8253533	1.1840	23311.9
rs9912600	8253544	1.9150	23233.6
rs11658036	8253636	1.1870	23307.7
rs73250883	8253948	1.1710	23307.3
rs11654886	8253971	1.1700	23306.3
rs12945939	8253984	-2.9290	23265.4
rs9889560	8254233	1.9110	23232.6
rs11654928	8254238	1.1430	23308.2
rs58789560	8254942	1.1940	23291.1
rs59306060	8255058	1.1830	23295.8
rs12602902	8255415	1.1670	23290.2
rs12600977	8255453	1.1540	23289.3
rs1579275	8255791	1.1690	23292.1
rs62064325	8255968	0.7830	23041.0
rs9914116	8256493	-2.9480	23244.2
rs12603946	8256723	1.3230	23267.2
rs12601577	8256755	1.3220	23264.9
rs12603536	8256758	1.3210	23271.3
rs11078742	8257082	1.2990	23280.1
rs11658981	8257471	1.3580	23259.8
rs11654150	8257499	1.3590	23261.2
rs4792346	8257613	-3.0850	23296.7
rs8069864	8257795	-3.0630	23281.9
rs8074318	8257981	-2.3060	23034.6
rs8073785	8257986	0.7740	23078.3
rs11867743	8258315	1.8830	23018.9
rs11867744	8258319	1.8820	23022.6
rs435769	8259743	0.8390	23068.7
rs398767	8260366	-3.1750	23150.7
rs8072352	8261340	2.0540	23196.3
rs4792792	8265776	1.6340	23361.2
rs438654	8268992	-1.7230	23199.5
rs28396083	8270547	-1.6930	23207.3
rs393238	8271309	-1.7230	23205.9
rs373085	8272206	-0.8760	23011.1
rs2909439	8275001	-1.7220	23161.7
rs1004151	8275023	-0.8470	23042.0
rs2909440	8276636	-1.1150	23015.2
rs12951080	8278546	1.5420	23304.5
rs1695213	8279324	-0.8610	23065.4
rs406285	8281388	-1.5290	23243.2
rs7210576	8281645	1.0820	23105.1
rs9901439	8283590	1.0700	23268.6
rs6503110	8283734	-2.7670	23159.0
rs422679	8285398	-0.7450	22999.6
rs12946513	8286761	1.1210	23281.0
rs9911562	8288381	-1.4640	23285.6
rs8071689	8288536	1.0570	23206.4
rs8068069	8288766	1.0290	23206.4
rs62064332	8289029	1.0030	23204.6
rs113050172	8289920	-0.7570	22969.6
rs9892220	8291470	-0.7480	22923.1
rs12952840	8293578	1.3170	23091.7
rs3930740	8294959	-1.7400	23200.9
rs12601362	8296383	-1.7820	23217.9
rs6503113	8298993	-2.4560	23321.5
rs17205049	8301167	-2.4660	23224.4
rs10852900	8308709	-1.7010	22730.1
rs9896973	8309260	-1.6500	22793.7
rs7213573	8310762	-1.6470	22798.3
rs8072894	8312669	-1.3940	22995.0
rs7220197	8313642	-1.5960	23021.7
rs2133336	8313854	1.7930	23300.8
rs7211022	8313952	-1.6100	23257.1
rs7225017	8314242	-1.6840	23262.1
rs9908645	8314713	-1.6920	23260.7
rs11652762	8314726	-0.4580	23238.2
rs9914819	8315058	-1.6620	23217.0
rs9915638	8315067	-1.8020	23302.2
rs9894208	8315134	-1.8270	23298.5
rs72841768	8315395	-0.2730	23243.7
rs9916182	8315599	-1.8180	23300.4
rs11654033	8315649	-0.3670	23307.7
rs12944389	8315918	-1.6720	23316.5
rs78234610	8315937	1.7940	23307.7
rs9895315	8316172	-1.7220	23321.1
rs9896607	8316306	-1.7220	23322.5
rs72841769	8316394	-0.4150	23264.9
rs4791701	8316456	-1.7140	23311.4
rs4791312	8316940	-1.7060	23317.9
rs7221735	8317001	-1.6800	23360.7
rs8081022	8317752	1.9550	23243.2
rs62065575	8318155	2.1650	23124.4
rs56391729	8318560	-1.4420	23145.6
rs12150003	8320276	-1.6140	23363.0
rs1391767	8320988	-0.9800	23349.2
rs2313149	8321683	-1.6760	23275.9
rs4791702	8322301	-1.6910	23267.7
rs4791313	8322354	-1.7000	23261.7
rs9901445	8322456	0.3770	23212.4
rs8069818	8323404	-0.8040	23346.9
rs2030127	8324492	2.2710	23213.8
rs2030126	8324785	-0.9410	23330.8
rs8079233	8326078	-0.7330	23290.2
rs1976345	8327806	2.2810	23213.3
rs4791314	8327880	-1.6790	23208.7
rs1874916	8329686	-0.9870	23035.5
rs931671	8329965	2.2660	23132.2
rs7214527	8333141	-0.8360	23016.2
rs3744652	8339283	-0.6280	23074.7
rs8065812	8339494	-0.6330	23106.4
rs1391768	8340866	-0.8470	23093.5
rs4577149	8352844	-0.7630	23132.2
rs7207330	8353136	-0.7000	23135.0
rs12943033	8353365	-0.6250	23194.4
rs12952400	8354833	-0.6330	23199.9
rs2201466	8355481	-0.7040	23133.6
rs12937278	8355629	-0.5710	23198.1
rs11078753	8356247	-0.5590	23199.0
rs8064655	8360460	-0.6040	23116.6
rs931672	8360649	-0.5480	23197.2
rs8077982	8362581	-0.6620	23137.3
rs3817003	8363624	-0.6520	23305.0
rs4791707	8366163	-0.9300	23045.2
rs12938349	8368590	-0.7170	23230.3
rs8072211	8376696	-0.6640	23235.4
rs35261231	8376954	-0.6250	23225.7
rs11650137	8377201	-0.5300	23311.9
rs1042567	8378693	-0.3530	23141.4
rs67845466	8378694	-0.3930	23138.2
rs961	8378932	-0.7380	23229.4
rs9674442	8382120	-0.6020	23141.4
rs1971300	8382184	-0.5190	22946.6
rs11651129	8383199	-0.5420	23263.0
rs12602294	8386204	-0.4870	23270.9
rs4791710	8386666	-0.6610	23196.7
rs8082067	8393010	-0.4320	23161.3
rs2270743	8393979	-0.4340	23254.8
rs3744653	8396010	-0.3900	23290.2
rs2277670	8397315	-0.4020	23335.4
rs904415	8397577	-0.2520	23160.3
rs7225733	8400640	-0.4860	23097.2
rs56375951	8400839	-0.5100	23272.7
rs35714964	8401660	-0.3460	23263.0
rs7212876	8403074	-0.4350	23255.7
rs7217409	8403327	-0.4800	23256.1
rs10775386	8403773	-0.3530	23270.4
rs4791711	8406053	-0.4400	23281.9
rs8066140	8406564	-0.5080	23275.0
rs12939638	8407174	-0.4210	23276.9
rs34648012	8407359	-0.4790	23256.1
rs9892997	8407485	-0.4130	23079.7
rs2036026	8408863	-0.4600	23283.8
rs11650530	8409156	-0.3780	23276.9
rs6416895	8409336	-0.4380	23281.0
rs7211601	8410641	0.0850	23106.4
rs8066003	8411460	0.0320	23094.9
rs11658073	8411812	0.1880	23099.1
rs11654755	8412598	0.1980	23099.1
rs11651210	8413593	0.1890	23100.0
rs2030124	8414887	0.2120	23103.7
rs8067864	8415381	0.1080	23112.0
rs11374	8416901	0.1280	23111.5
rs1566327	8419594	-0.3730	23304.0
rs11649994	8421015	-0.3860	23300.4
rs75012332	8421562	0.0810	23017.5
rs11078756	8423994	-0.3630	23296.7
rs10775387	8425181	-0.3870	23285.6
rs28653041	8425669	-0.4090	23267.2
rs2132102	8426431	-0.4360	23260.7
rs4791713	8426603	-0.3750	23274.6
rs58692294	8427487	-0.4070	23293.9
rs59237782	8427575	-0.4070	23292.1
rs4791714	8427944	-0.4170	23284.7
rs7213629	8427981	-0.4980	23281.9
rs4791715	8428148	-0.4160	23286.1
rs4791319	8428761	-0.4840	23268.1
rs4791718	8428939	-0.4670	23267.2
rs8079836	8429974	-0.5570	23275.5
rs8081825	8431171	-0.4820	23304.0
rs7225835	8431453	-0.4460	23316.0
rs7226153	8431601	-0.4700	23309.6
rs8079726	8435205	-0.4220	23307.7
rs12600365	8437247	-0.4470	23281.9
rs4791721	8437379	-0.4360	23292.1
rs8081677	8439598	-0.5170	23289.3
rs2279746	8440750	-0.5130	23276.4
rs971873	8440999	-0.4890	23289.3
rs971872	8441212	-0.4190	23278.7
rs971871	8441335	-0.4800	23281.9
rs7208783	8441776	-0.4260	23258.4
rs9896797	8443126	-0.3930	23252.9
rs7224197	8443580	-0.3890	23264.9
rs9905423	8444546	-0.4350	23254.8
rs8073113	8446110	-0.3430	23228.5
rs7207337	8448182	-0.3780	23225.3
rs4791723	8449517	-0.2920	23243.2
rs1472286	8450357	-0.3510	23249.2
rs7223997	8450757	-0.3420	23250.6
rs8072307	8455077	-0.3560	23233.1
rs883811	8455532	-0.3030	23250.2
rs12602156	8458076	-0.2640	23215.6
rs11868717	8460363	-0.2840	23245.1
rs4791321	8460667	-0.2910	23242.8
rs11651070	8461955	-0.2740	23231.7
rs1845588	8464856	-0.2790	23224.8
rs268449	8469407	-0.3500	23241.4
rs12937386	8470100	-0.3020	23240.0
rs12600803	8471474	-0.2930	23235.0
rs12600834	8471647	-0.3270	23244.2
rs422173	8473182	-0.3700	23244.6
rs423350	8473667	-0.3650	23239.6
rs418006	8473702	-0.3600	23244.6
rs12325856	8474173	-0.3700	23210.5
rs9747231	8474595	-0.3340	23226.7
rs11649797	8477406	-0.7320	23168.2
rs268461	8479288	-0.4660	23041.5
rs1431307	8479841	-0.6790	23060.8
rs875675	8482406	1.1410	23128.6
rs268456	8482647	1.0060	23113.8
rs268459	8484683	1.0310	23112.9
rs4239096	8486364	1.0520	23115.7
rs10048190	8488418	1.1170	23136.8
rs7212791	8491250	1.1140	23205.9
rs10852901	8491778	1.1660	23208.2
rs4486969	8491959	1.4930	23332.6
rs2435960	8497058	1.7510	23242.8
rs368117	8497120	1.6260	23193.0
rs12948349	8503171	1.4750	23211.0
rs428025	8505455	-0.8420	22893.2
rs17808354	8511359	1.3200	23123.5
rs34363598	8511965	0.4590	22983.0
rs8069353	8512243	1.2310	23050.2
rs34183709	8513691	1.4860	23076.0
rs4128515	8514141	1.5520	23083.9
rs12937738	8515795	1.5920	22963.2
rs11652442	8517265	-0.6380	23225.7
rs7221332	8517826	-0.6140	23214.7
rs9912638	8518173	-0.6140	23227.1
rs9904190	8518185	-0.6140	23227.1
rs7502675	8520325	-0.7980	23261.2
rs1989360	8520819	-0.6490	23293.0
rs7212920	8521411	-0.7830	23345.5
rs9905299	8523534	-0.7910	23307.3
rs9903286	8523722	-0.9060	23275.9
rs9915574	8527835	-1.2530	23277.8
rs7218659	8529763	-1.2670	23305.4
rs7219256	8530970	-1.2560	23295.8
rs7217541	8531042	-1.2910	23299.4
rs2043154	8531384	-0.8990	23312.8
rs9630724	8538923	-1.0660	23065.9
rs62062533	8543154	-1.0500	23067.3
rs62062534	8547880	-1.9460	23179.2
rs55782210	8548563	-0.9200	22956.7
rs4629006	8548913	-1.8380	23235.4
rs60749941	8549352	-2.0760	23239.6
rs16957494	8549527	-2.0280	23251.1
