snp	bp	z	pip	cs
rs2585398	8054860	6.195	0.346705340638247	1
rs4791641	8161149	6.032	0.124443707719418	1
rs8070063	8088612	5.997	0.114749444140494	1
rs7503353	8107979	5.981	0.103529911732804	1
rs12944041	8073097	5.94	0.0867028658876733	1
rs12938531	8125541	5.945	0.0793860113649073	1
rs8078338	8129160	5.843	0.0485315484997213	1
rs72835272	8194318	5.73	0.0307289253153957	1
rs9908995	8087353	5.731	0.0279602455478848	1
rs4791663	8185902	5.681	0.0263506876857713	1
rs2585399	8054759	5.663	0.0224053810053155	1
rs7501868	7922051	-3.116	0.0223916208101539	NA
rs1132554	8173767	5.628	0.0220703695206702	1
rs2289590	8110764	5.664	0.0218094950360357	1
rs2816	7923564	-2.933	0.0202400747161225	NA
rs12943463	8103027	5.622	0.0194796840551275	1
rs60749941	8549352	-2.076	0.0188319448706628	NA
rs16957494	8549527	-2.028	0.018305040701632	NA
rs4791443	7899310	-2.707	0.0182834989551234	NA
rs6503069	7924855	-2.791	0.0181568022371098	NA
rs7222451	8199481	5.509	0.0180852637835864	NA
rs62062534	8547880	-1.946	0.0174236759637658	NA
rs4791456	7923861	-2.649	0.0168674803774347	NA
rs9902583	7898057	-2.59	0.0161998742205588	NA
rs11078724	7898460	-2.579	0.0161662061534706	NA
rs11650268	7856438	-2.522	0.0161345591182499	NA
rs11656950	8100866	5.544	0.0159422262443275	NA
rs35311448	7891010	-2.515	0.0159354149186797	NA
rs4629006	8548913	-1.838	0.0158663952745213	NA
rs12051691	8149787	5.555	0.0158516851656603	NA
rs4792058	7889206	-2.473	0.0158107518477811	NA
rs4792061	7889455	-2.448	0.0154992333349456	NA
rs1476161	8090908	5.525	0.0150594270779629	NA
rs60261761	7730319	-2.043	0.015042854504928	NA
rs8073033	7893174	-2.387	0.014987953516267	NA
rs4239116	7848508	-2.382	0.0148693786018063	NA
rs4462664	7848717	-2.382	0.0148693786018063	NA
rs7226300	7850364	-2.355	0.0148343863458616	NA
rs10852894	7828558	-2.387	0.0148215668845765	NA
rs7211792	7852528	-2.395	0.0147986307171576	NA
rs11654985	7849585	-2.369	0.0147737453373107	NA
rs4791410	7849939	-2.358	0.0146937509116356	NA
rs4792000	7853223	-2.375	0.0145875060349789	NA
rs12946706	7882666	-2.371	0.014505358253553	NA
rs4491592	7858901	-2.365	0.0144788506354668	NA
rs9893434	8036073	-5.421	0.0144546105561536	NA
rs4791993	7848058	-2.309	0.0143474813051134	NA
rs4473260	7848794	-2.243	0.0143408534220218	NA
rs11650083	7847955	-2.319	0.0143257232350671	NA
rs11654421	7856119	-2.308	0.0143239042075651	NA
rs12943024	7617209	-1.851	0.0142115926149653	NA
rs4239115	7836958	-2.287	0.0142114899320828	NA
rs4444395	7828275	-2.283	0.0141810805814475	NA
rs7209704	7847204	-2.283	0.0140321386584581	NA
rs4239114	7836818	-2.275	0.0139576564857058	NA
rs3813585	7918490	-1.889	0.0139003167379281	NA
rs7406493	7754073	-1.858	0.0137609874652311	NA
rs9912892	8038634	-5.395	0.013759882735227	NA
rs9908139	7830610	-2.187	0.0136922739229475	NA
rs67022015	7617165	-1.734	0.0136152393501642	NA
rs4411555	7944609	1.204	0.0136067541581519	NA
rs6503110	8283734	-2.767	0.0135847532416002	NA
rs12941981	7608462	-1.778	0.0135723918838953	NA
rs4239120	7858958	-2.187	0.0135183726457939	NA
rs9911390	7833223	-2.175	0.0135056573537943	NA
rs11650894	7844781	-2.122	0.0134404560522143	NA
rs11655693	7860488	-2.156	0.013410156847486	NA
rs73233606	7750936	2.315	0.0134033417754094	NA
rs9898955	7832766	-2.175	0.0133909834849985	NA
rs7207022	7846684	-2.108	0.0132792902682161	NA
rs7207775	7847179	-2.108	0.0132792902682161	NA
rs35395589	7845047	-2.105	0.0132616773175508	NA
rs144885000	7747866	2.31	0.013259622152861	NA
rs11078717	7841805	-2.074	0.0131453322187389	NA
rs7224754	7840795	-2.046	0.0130729706120721	NA
rs4791987	7840679	-2.083	0.0130586667196509	NA
rs11650003	7866604	-2.011	0.0130215720043073	NA
rs4435314	7835659	-2.059	0.0129162944163629	NA
rs11078719	7843053	-2.075	0.0128770506012631	NA
rs4239119	7858924	-2.074	0.0128641799901833	NA
rs11650374	7893794	-1.966	0.0128528299726953	NA
rs11652681	7842449	-2.048	0.0128524450874606	NA
rs11078718	7842102	-2.039	0.012803427651482	NA
rs4792020	7868810	-1.974	0.0127098946708057	NA
rs11078720	7864754	-1.954	0.0127091598947658	NA
rs12951228	7864273	-1.924	0.0126749782875538	NA
rs11656822	7833280	-2.016	0.0126583589898971	NA
rs4239118	7854830	-2.045	0.012601033322584	NA
rs11658349	7679664	2.329	0.0125981333894484	NA
rs12601100	7854165	-1.997	0.0125852448409477	NA
rs11867748	7617662	-1.552	0.0125806545536182	NA
rs8071096	8214717	5.242	0.0125296189266645	NA
rs73233646	7786181	2.29	0.0125169663717066	NA
rs4792002	7853356	-2.013	0.0125034888203813	NA
rs8081871	7781061	2.286	0.0124964447633467	NA
rs7217541	8531042	-1.291	0.0124669002830027	NA
rs8075929	7754121	2.266	0.0123950134840146	NA
rs72841462	7870018	-2.285	0.0123939466128815	NA
rs58049067	7621561	-1.533	0.0123808454347734	NA
rs7218659	8529763	-1.267	0.0123460312315661	NA
rs7219256	8530970	-1.256	0.0122915612014872	NA
rs9915574	8527835	-1.253	0.0122639142684425	NA
rs11653849	7679048	2.261	0.0122546750952715	NA
rs7225505	7861810	-1.846	0.012182968366043	NA
rs11655902	7890309	-1.884	0.0121355260033453	NA
rs7217194	7852887	-1.916	0.0120960998823116	NA
rs8070212	7829928	-1.875	0.0120843269729168	NA
rs11078716	7820183	-1.876	0.0120671405286303	NA
rs34873228	7618737	-1.447	0.0120610741445232	NA
rs4468690	7940754	1.839	0.0120158033495282	NA
rs56880362	7750357	2.181	0.0119851212224805	NA
rs60712401	7781837	2.172	0.011943663506885	NA
rs12601767	7846415	-1.865	0.0119303963534066	NA
rs35970757	7894817	-1.92	0.0119148838304982	NA
rs73232402	7744837	2.157	0.0118753681254372	NA
rs8065467	7758746	2.15	0.0118438364800918	NA
rs7503918	7922025	-1.683	0.011843373745723	NA
rs7212233	7860000	-1.837	0.0117932401203814	NA
rs931671	8329965	2.266	0.0117864567616101	NA
rs58208066	7775652	2.136	0.0117814147458585	NA
rs58794057	7776827	-1.545	0.0117793885095736	NA
rs58442588	7831923	-1.795	0.0117031313421816	NA
rs58575433	7966919	1.109	0.0116851365314793	NA
rs59403148	7966861	1.105	0.011667831279733	NA
rs73233637	7777543	2.109	0.0116634129033182	NA
rs28712472	7778250	-1.515	0.0116484778278209	NA
rs72842932	7960224	1.098	0.0116377097317012	NA
rs2909440	8276636	-1.115	0.0116342232695467	NA
rs77543954	7737717	-1.601	0.0116129249584965	NA
rs72842938	7962175	1.089	0.011599284483098	NA
rs9891219	7914000	-1.493	0.0115039400943747	NA
rs7217873	7778557	2.067	0.011485948500122	NA
rs4791759	7677927	2.065	0.0114113274076248	NA
rs2029739	7783998	-1.456	0.0114019977625497	NA
rs12949280	7702357	1.756	0.0113708660814897	NA
rs1976345	8327806	2.281	0.0113673172780012	NA
rs7223364	7780709	1.482	0.0113360943042361	NA
rs61745181	7735934	-1.551	0.0113304482456467	NA
rs4968206	7620702	-1.36	0.0113051866094326	NA
rs1544725	7621877	-1.304	0.0112822527768169	NA
rs4791889	7783125	-1.425	0.0112781321997265	NA
rs11658609	7892586	-1.496	0.0112328218410531	NA
rs2030127	8324492	2.271	0.0112260260076823	NA
rs9899694	7835332	-1.692	0.0111925504138958	NA
rs9303223	7716176	1.736	0.0111792005141991	NA
rs11078722	7885225	-1.469	0.0111723572669604	NA
rs9303221	7680322	2.062	0.0111673901622158	NA
rs2287497	7592780	-1.116	0.0111603924701965	NA
rs11078725	7898615	-1.478	0.0111603731574967	NA
rs1994911	7692378	1.086	0.0110967097793588	NA
rs7501530	7903610	-1.471	0.0110632835969782	NA
rs3744263	7613708	-1.346	0.0110618721206941	NA
rs7215436	7931284	-1.09	0.0110044053713756	NA
rs2235097	7949706	0.889	0.0109855498472808	NA
rs9903286	8523722	-0.906	0.0109699711256842	NA
rs4435315	7901782	-1.436	0.0109123165679844	NA
rs6503099	8228300	-0.489	0.0109107900615266	NA
rs11655447	8136816	5.182	0.0108943653080427	NA
rs9630724	8538923	-1.066	0.0108821609616891	NA
rs62064286	8226090	-0.443	0.0108605466404835	NA
rs9907011	7615286	-1.319	0.0108554385347843	NA
rs62062533	8543154	-1.05	0.0108488285545969	NA
rs7210366	7850437	-1.859	0.0108484688316756	NA
rs3803802	7621464	-1.177	0.0108329648924705	NA
rs62065575	8318155	2.165	0.0108301479062128	NA
rs1695213	8279324	-0.861	0.0108175156649104	NA
rs3935951	7974416	0.908	0.0107940307791858	NA
rs72842909	7945919	0.976	0.0107813233052062	NA
rs373085	8272206	-0.876	0.0107716987834061	NA
rs11078723	7898406	-1.358	0.0107682847413535	NA
rs9889612	7904384	-1.361	0.0107582567089962	NA
rs12600979	7899551	-1.355	0.0107517537216694	NA
rs61749665	7906519	-1.401	0.0107468759136622	NA
rs1988778	7669197	2.009	0.0107360167244023	NA
rs34898068	7903330	-1.366	0.0107280909338653	NA
rs35922565	7598212	-1.231	0.0107205211522687	NA
rs2430	8225787	-0.394	0.0106925605928588	NA
rs9889962	7801509	-1.527	0.0106899935516255	NA
rs1045172	8225768	-0.393	0.0106892194332786	NA
rs1004151	8275023	-0.847	0.0106738660324429	NA
rs8066414	7706942	1.631	0.0106664565638948	NA
rs6503091	8109598	5.253	0.0106446188837014	NA
rs9905299	8523534	-0.791	0.010630632931079	NA
rs7212920	8521411	-0.783	0.0106113957307596	NA
rs8072442	7670043	1.971	0.010609817166911	NA
rs7502675	8520325	-0.798	0.0106061218958077	NA
rs2955607	7634147	0.978	0.0106006424158229	NA
rs2043154	8531384	-0.899	0.0105885336202838	NA
rs144855048	7562896	-1.377	0.0105538680716668	NA
rs1544724	7621777	-1.088	0.0105364394900436	NA
rs12949655	7575733	-1.274	0.010519735599653	NA
rs112654221	8175151	4.583	0.0104963540231743	NA
rs55782210	8548563	-0.92	0.0104945666523316	NA
rs59658031	8151968	2.248	0.0104888762725104	NA
rs9894208	8315134	-1.827	0.0104373001189758	NA
rs12947788	7577427	-1.246	0.0104324546903555	NA
rs12942745	7697200	1.635	0.010421321592709	NA
rs9902382	7675260	1.002	0.0103923120250866	NA
rs3027257	8112253	2.279	0.0103674070763596	NA
rs9916182	8315599	-1.818	0.010360657260537	NA
rs9915452	7682138	0.721	0.0103390082487286	NA
rs4791314	8327880	-1.679	0.0103310701279028	NA
rs3027267	8090895	2.699	0.0103242999952032	NA
rs35119871	7567515	-1.495	0.0103196526916691	NA
rs139439532	7596802	-1.103	0.0103165017332232	NA
rs9915638	8315067	-1.802	0.0103131349041937	NA
rs117064519	8088390	2.694	0.0103095594168379	NA
rs10852900	8308709	-1.701	0.0103047291678631	NA
rs839721	7639749	1.052	0.0102775197258407	NA
rs4791313	8322354	-1.7	0.0102657743106339	NA
rs1641513	7554242	0.921	0.0102582570164679	NA
rs8070826	7691628	0.81	0.0102539665485485	NA
rs144992568	7596803	-1.079	0.0102466401871723	NA
rs422679	8285398	-0.745	0.0102426012470773	NA
rs4791702	8322301	-1.691	0.0102398526323684	NA
rs9906502	7615745	-1.241	0.0102245964929409	NA
rs1642813	7551072	0.987	0.0102098416700962	NA
rs1989360	8520819	-0.649	0.0102040048043393	NA
rs8081022	8317752	1.955	0.0102038475041236	NA
rs28461213	7562790	-1.619	0.0102008382402335	NA
rs2313149	8321683	-1.676	0.0101972052204873	NA
rs11653041	8184270	4.483	0.0101822308572369	NA
rs7213573	8310762	-1.647	0.0101794653038811	NA
rs11652442	8517265	-0.638	0.0101671782814785	NA
rs7207540	8175141	4.477	0.0101646696948495	NA
rs9896973	8309260	-1.65	0.0101646117109069	NA
rs7503199	8134275	4.898	0.0101628562579279	NA
rs2309810	7692510	0.786	0.0101552266099738	NA
rs3027208	8014308	-1.579	0.0101352540126584	NA
rs12939581	7599859	-0.992	0.0101251254002066	NA
rs113328120	8185548	4.46	0.0101156522112964	NA
rs7221332	8517826	-0.614	0.0101011325035246	NA
rs9912638	8518173	-0.614	0.0101011325035246	NA
rs9904190	8518185	-0.614	0.0101011325035246	NA
rs9895315	8316172	-1.722	0.0100874231495878	NA
rs9896607	8316306	-1.722	0.0100874231495878	NA
rs34363598	8511965	0.459	0.0100800208298253	NA
rs1641518	7551690	0.939	0.0100773091530534	NA
rs8075078	8186096	4.435	0.0100725635810378	NA
rs10852892	7732957	-1.326	0.0100685506325784	NA
rs4791701	8316456	-1.714	0.0100659164887349	NA
rs1641514	7552909	0.928	0.0100479079510621	NA
rs55915523	8098765	5.018	0.0100458291288237	NA
rs4791312	8316940	-1.706	0.0100445991124607	NA
rs11651599	8179512	4.433	0.0100399912772071	NA
rs62062590	7617378	1.009	0.0100377981077988	NA
rs9908765	8214427	4.996	0.0100355278937189	NA
rs11649742	8176415	4.43	0.0100317466778436	NA
rs55658257	7868383	-1.627	0.0100306615338255	NA
rs11652091	7676113	-1.049	0.0100287815395175	NA
rs12150003	8320276	-1.614	0.0100281481759135	NA
rs35899238	7562174	-1.614	0.01002067023489	NA
rs9908645	8314713	-1.692	0.0100077460748879	NA
rs9914819	8315058	-1.662	0.00999287067332644	NA
rs7225017	8314242	-1.684	0.00998694394667221	NA
rs12603355	7733037	-1.305	0.00998491454340156	NA
rs7221735	8317001	-1.68	0.00997661249689175	NA
rs12943817	7974834	-1.329	0.00997025256940076	NA
rs2030124	8414887	0.212	0.00996823329206931	NA
rs12944389	8315918	-1.672	0.00995608820435023	NA
rs1641511	7559677	1.058	0.00994048476554976	NA
rs2435960	8497058	1.751	0.00993717050248044	NA
rs11654755	8412598	0.198	0.00993256370189433	NA
rs4792336	8252466	1.979	0.0099280315014334	NA
rs2585408	8043753	-5.055	0.00992682444314441	NA
rs7219467	7672395	1.678	0.00992167336949901	NA
rs11651210	8413593	0.189	0.00990992939307356	NA
rs11658073	8411812	0.188	0.0099074287005072	NA
rs12944939	7580500	-1.159	0.00988648782907975	NA
rs9893249	7570189	-1.387	0.00987974429218441	NA
rs8073498	7569698	-1.384	0.00987235461937663	NA
rs1641512	7559462	0.986	0.00987016853992095	NA
rs7141	7614601	-0.746	0.00985211861103596	NA
rs2543540	7631671	0.751	0.00984324293782302	NA
rs11078711	7777214	0.767	0.00983872610062875	NA
rs4271649	7963164	0.696	0.00983067979370911	NA
rs117854193	8178467	4.352	0.00982822554938934	NA
rs62064261	8205225	2.143	0.00982443381546427	NA
rs11374	8416901	0.128	0.0098216078693768	NA
rs7220197	8313642	-1.596	0.00982019008359203	NA
rs62063158	8203336	2.165	0.009815244906205	NA
rs871841	8216468	4.937	0.00980779108593133	NA
rs56248782	8204834	2.161	0.00980569653155527	NA
rs58459129	8182258	2.88	0.00980322686074597	NA
rs7211022	8313952	-1.61	0.00980318985490669	NA
rs59328845	7782040	0.712	0.00979180935306001	NA
rs2133336	8313854	1.793	0.00979169324635176	NA
rs6503086	8036628	-4.862	0.00978290277047955	NA
rs111290745	8157096	1.767	0.00977795226240286	NA
rs58532865	8139760	4.985	0.00977503723484263	NA
rs55680968	7774047	0.74	0.009774400035093	NA
rs8067864	8415381	0.108	0.0097741414491499	NA
rs111652310	8124169	1.765	0.00977325815319308	NA
rs9916382	7955728	-1.088	0.00977297573605829	NA
rs9912600	8253544	1.915	0.00977237577961465	NA
rs62063155	8201271	2.146	0.00977028254506118	NA
rs115992893	8201494	2.146	0.00977028254506118	NA
rs34743339	7903713	-1.566	0.00976827466450769	NA
rs9889560	8254233	1.911	0.00976302438156973	NA
rs9909643	8253383	1.911	0.00976072174562082	NA
rs141567988	8202578	2.137	0.00974932980341181	NA
rs77883720	8203514	2.137	0.00974932980341181	NA
rs74739791	8086154	2.204	0.00974731106255056	NA
rs78234610	8315937	1.794	0.00974299826165437	NA
rs141473399	8087031	2.196	0.00972888916102543	NA
rs112893916	7669520	1.541	0.00972704838317118	NA
rs7211601	8410641	0.085	0.00972090911667822	NA
rs1641521	7550143	0.827	0.0097131331643362	NA
rs62062593	7618026	0.81	0.00971272626184172	NA
rs75503577	8129411	1.737	0.00970868417414117	NA
rs112152102	8161056	1.736	0.00970641718456788	NA
rs12937738	8515795	1.592	0.00969297665645852	NA
rs9889238	8181967	2.832	0.00969220420598804	NA
rs111441629	8121044	1.729	0.00969062343412885	NA
rs1641519	7550166	0.813	0.00968156265710596	NA
rs6503085	8036060	-4.814	0.00967096669552037	NA
rs1642763	7557419	0.842	0.00966948334117057	NA
rs56309584	8164352	4.789	0.00966300751999527	NA
rs35261002	7901979	-1.515	0.00965251756037888	NA
rs78177159	8094252	1.736	0.00965199116448312	NA
rs1619016	7550553	0.797	0.00964612275819887	NA
rs12944116	7816838	-1.64	0.00964557729191395	NA
rs73245423	8071480	1.732	0.00964321012103053	NA
rs368117	8497120	1.626	0.00964236785868167	NA
rs12601905	7971791	0.539	0.00963314466075804	NA
rs34135807	7818542	-1.634	0.00963246693346276	NA
rs9901632	8042131	-4.99	0.00962724389251635	NA
rs55667381	8117774	4.956	0.00962635082939489	NA
rs12939913	8235070	1.945	0.0096174301665547	NA
rs12600950	8233085	1.896	0.00961109300582574	NA
rs9912874	7959025	-0.991	0.00960626561070388	NA
rs8066003	8411460	0.032	0.00960364872590513	NA
rs113503695	8067067	1.645	0.00960363655843188	NA
rs9902772	7823486	-1.62	0.00960224427322198	NA
rs4130509	7930778	-0.683	0.00959623718238456	NA
rs4128515	8514141	1.552	0.00957679078576379	NA
rs9901445	8322456	0.377	0.0095760065305337	NA
rs76730553	7771462	0.649	0.009572101560131	NA
rs4791329	7693455	0.571	0.00957010460913355	NA
rs62064280	8212459	1.98	0.00956885886659609	NA
rs62064281	8212519	1.98	0.00956885886659609	NA
rs1641517	7551730	0.76	0.00956674999844587	NA
rs117422032	8107143	1.666	0.00955431475937962	NA
rs76833657	7781020	0.64	0.00955327833737385	NA
rs111439370	8160486	1.632	0.00955279005072296	NA
rs111307754	8142263	1.665	0.00955223460612098	NA
rs1613071	7551229	0.748	0.0095417716521291	NA
rs2541010	7551320	0.748	0.0095417716521291	NA
rs111458481	8154792	1.657	0.00953568595317178	NA
rs9889671	8236384	1.906	0.00953521583357853	NA
rs9907436	8225873	2.721	0.00953311732705431	NA
rs6503060	7688182	0.308	0.00953250143949702	NA
rs4791668	8217379	4.067	0.00953076786371365	NA
rs7211247	8144153	4.904	0.00952456384558109	NA
rs6503090	8080409	0.858	0.00952131580862614	NA
rs72635516	8140097	4.902	0.00952036078655216	NA
rs2078486	7583083	-0.625	0.00951267498056274	NA
rs142499516	8099305	1.667	0.00950636982377995	NA
rs139067265	8069239	1.962	0.00950544099365713	NA
rs7359524	7621528	0.717	0.00950314430876942	NA
rs2543556	7551399	0.726	0.00949693658940765	NA
rs74335520	8060646	1.662	0.00949629365495841	NA
rs11655903	8141324	4.893	0.00949598139575536	NA
rs113902013	8102026	1.661	0.00949428602914926	NA
rs112157766	8114322	1.635	0.00949102063314333	NA
rs115888891	8205886	1.941	0.009488947425494	NA
rs10852899	8226168	2.697	0.00948454013638	NA
rs8072536	7953070	0.575	0.0094791730524576	NA
rs2302867	8216737	4.056	0.0094735232145281	NA
rs9905906	7685748	0.381	0.00947291386748794	NA
rs113697538	8144805	1.619	0.00945930691031205	NA
rs12945970	7584032	-0.596	0.00945487646927712	NA
rs62064262	8208186	1.922	0.00945141446696507	NA
rs11651917	7618604	0.581	0.00944807482672838	NA
rs6503102	8241190	-0.769	0.00944564180891772	NA
rs34183709	8513691	1.486	0.00944316025857084	NA
rs66582670	8139339	4.873	0.00944237784973245	NA
rs8070734	8245145	-0.738	0.00944178892338954	NA
rs76841187	8113885	1.61	0.00944175039668249	NA
rs113144632	8112502	1.607	0.00943594317960783	NA
rs78784976	8153794	1.606	0.00943401242329711	NA
rs12948349	8503171	1.475	0.00943361988718494	NA
rs56391729	8318560	-1.442	0.0094335881617329	NA
rs11650557	8150818	4.869	0.00943258921855661	NA
rs111581595	8098919	1.627	0.00942752419627868	NA
rs7208469	7619871	0.638	0.00940875438051159	NA
rs112974534	8100505	1.608	0.00939147044945032	NA
rs8072894	8312669	-1.394	0.00938986220254034	NA
rs4321249	7795529	-1.084	0.00938618199092967	NA
rs3744651	8215534	4.009	0.00938240352288899	NA
rs74892610	8100571	1.6	0.00937655593714171	NA
rs72842928	7956759	0.431	0.00937460620634023	NA
rs113898258	8090669	1.598	0.0093728518090288	NA
rs7213894	7722365	0.823	0.00937146400256372	NA
rs1050540	7560742	-1.36	0.00936816880502367	NA
rs8075680	8118745	5.026	0.00936409200017463	NA
rs10462024	8051639	3.378	0.00934757409623743	NA
rs4792265	8060571	1.054	0.00934713225969785	NA
rs8076025	8061238	1.054	0.00934713225969785	NA
rs12601874	7971549	-1.08	0.00934380915787303	NA
rs12943505	8243469	1.733	0.00933890285178862	NA
rs17882227	7588560	-0.531	0.00933292991530887	NA
rs78413898	8079496	1.576	0.00933274945727547	NA
rs4486969	8491959	1.493	0.00932642331358025	NA
rs9889268	7708096	0.53	0.00932625225616823	NA
rs35040041	7598479	-0.849	0.0093223840868365	NA
rs111992807	8132388	1.545	0.0093208913195294	NA
rs2518022	8057367	1.048	0.0093195921336815	NA
rs9905612	7694085	0.499	0.00930667884499004	NA
rs8078048	7688560	0.217	0.00929157747527887	NA
rs74439044	7781019	0.489	0.00929084158108351	NA
rs112478160	8083626	1.551	0.00928859716244379	NA
rs17881035	7587899	-0.546	0.00928838365723872	NA
rs7210250	8126809	1.623	0.00927908750512452	NA
rs80226303	8086625	1.539	0.00926793454032027	NA
rs6503061	7688241	0.203	0.00926744183411787	NA
rs76800617	8090294	1.538	0.0092662280847654	NA
rs1642782	7581124	-0.571	0.00926116019741807	NA
rs75012332	8421562	0.081	0.00925821295809137	NA
rs80053572	8251162	-0.636	0.00925668207501806	NA
rs72479724	8210566	-0.094	0.00924972092233778	NA
rs7406118	7731357	-0.403	0.00924178565562261	NA
rs12603203	8200426	0.565	0.00923488852075538	NA
rs904415	8397577	-0.252	0.00923435913436921	NA
rs11078713	7795972	-0.969	0.00923231374608013	NA
rs1641516	7551948	0.643	0.00923189815191972	NA
rs1641515	7551950	0.643	0.00923189815191972	NA
rs7219489	8121622	4.613	0.00920915954320478	NA
rs72842946	7970759	-0.984	0.0092023626363883	NA
rs1476162	8091083	1.154	0.00919842701065587	NA
rs11650444	8106317	4.196	0.00919712034829978	NA
rs11651453	8103695	4.22	0.00919687278639447	NA
rs8070084	7769688	-0.312	0.0091936375321815	NA
rs2287498	7592560	-0.447	0.00919041573445212	NA
rs62063156	8201317	2.072	0.00919005432848896	NA
rs3027247	8130867	4.564	0.00917815451056914	NA
rs62064282	8217164	1.767	0.00917812751765434	NA
rs4792792	8265776	1.634	0.00917808341098436	NA
rs16957022	7773353	-0.397	0.00917797597845837	NA
rs62063157	8202664	2.058	0.00916792173176517	NA
rs7222046	7806529	-0.88	0.00916482794631945	NA
rs4791321	8460667	-0.291	0.00916135555022279	NA
rs7225429	8174893	2.539	0.00915737267648498	NA
rs1613115	7551203	0.628	0.00915105965701379	NA
rs62059685	7681986	0.191	0.00914843185131942	NA
rs12602156	8458076	-0.264	0.00913519843644339	NA
rs11868717	8460363	-0.284	0.00912696396259549	NA
rs17808354	8511359	1.32	0.00912350936465101	NA
rs9904105	7699046	0.381	0.0091208167982022	NA
rs9748119	8205070	0.172	0.0091205388645843	NA
rs9911562	8288381	-1.464	0.00911233238645914	NA
rs12451800	8150723	1.832	0.00911199138358887	NA
rs8072352	8261340	2.054	0.00911037379481683	NA
rs12451139	8119626	4.162	0.00910693546868357	NA
rs7219471	8121594	4.159	0.00910244146204742	NA
rs883811	8455532	-0.303	0.0090987909785073	NA
rs9747231	8474595	-0.334	0.00909657196692615	NA
rs113170630	8103969	4.123	0.00908658315544009	NA
rs142230565	8117305	4.148	0.00908615080492459	NA
rs2518023	8056606	1.194	0.0090849564401797	NA
rs11651993	8115774	4.144	0.00908029959262602	NA
rs12937386	8470100	-0.302	0.00907919806867374	NA
rs11651070	8461955	-0.274	0.00907736394179393	NA
rs268449	8469407	-0.35	0.00907353222695917	NA
rs11078735	8116861	4.139	0.0090730397983807	NA
rs12950021	8105698	1.17	0.00907216181014325	NA
rs1845588	8464856	-0.279	0.00907025139619022	NA
rs60370790	7617955	-0.623	0.00907002986633987	NA
rs200087640	8149169	1.801	0.00906715244352485	NA
rs1565817	7700712	0.358	0.00906519543282058	NA
rs9912921	8149358	1.8	0.0090635038358392	NA
rs12951080	8278546	1.542	0.00906340363971792	NA
rs8072307	8455077	-0.356	0.00905530782263553	NA
rs1794284	7581271	-0.31	0.00905488484574801	NA
rs4791723	8449517	-0.292	0.00905201936575006	NA
rs12600803	8471474	-0.293	0.00905063244864812	NA
rs11078734	8101224	1.167	0.00904896016759205	NA
rs422173	8473182	-0.37	0.00904553568691002	NA
rs7223997	8450757	-0.342	0.00904349945595984	NA
rs56256903	8123128	4.117	0.00903974167140553	NA
rs4233018	7698599	0.336	0.00903482699107028	NA
rs74252613	8150923	1.777	0.00903390942152105	NA
rs62059684	7680159	0.102	0.00903329672398556	NA
rs1472286	8450357	-0.351	0.0090312195864396	NA
rs9891949	8099183	4.687	0.00903072224673618	NA
rs4246412	7620595	-0.57	0.00902988351528433	NA
rs113050172	8289920	-0.757	0.00902623000460534	NA
rs74392424	8145313	1.771	0.00902579745351217	NA
rs406285	8281388	-1.529	0.0090207429448057	NA
rs11652826	8226383	0.966	0.00902068884331808	NA
rs418006	8473702	-0.36	0.00901911811019496	NA
rs72840091	7687138	0.067	0.00901785827171775	NA
rs4291968	8205632	0.245	0.0090162436807798	NA
rs4247363	8100372	1.732	0.0090138328142122	NA
rs423350	8473667	-0.365	0.00901247189688947	NA
rs117944050	8211041	-0.045	0.0090096514162753	NA
rs11654928	8254238	1.143	0.00900821716162015	NA
rs4792337	8252606	1.144	0.00900690162534501	NA
rs4792338	8252745	1.144	0.00900690162534501	NA
rs4791536	8252760	1.144	0.00900690162534501	NA
rs4791537	8252794	1.144	0.00900690162534501	NA
rs4791538	8252856	1.144	0.00900690162534501	NA
rs12600834	8471647	-0.327	0.00900478951246708	NA
rs2313148	8251845	1.148	0.00900166132371161	NA
rs9892220	8291470	-0.748	0.00899934398186009	NA
rs8069353	8512243	1.231	0.00899677536415477	NA
rs75072697	8179996	1.475	0.00899621292693342	NA
rs7207337	8448182	-0.378	0.0089954475878139	NA
rs2241909	8108339	4.665	0.0089943695381367	NA
rs12600977	8255453	1.154	0.00899386630049925	NA
rs3027246	8131223	4.059	0.0089935702120213	NA
rs11869874	7686403	0.046	0.00899035365914125	NA
rs8073113	8446110	-0.343	0.00898409213367757	NA
rs7214820	8233281	-3.16	0.00898384183573719	NA
rs2277670	8397315	-0.402	0.00898310544391645	NA
rs7224197	8443580	-0.389	0.00898132987796851	NA
rs9910732	7971301	-0.843	0.0089813011070422	NA
rs9896745	8142129	4.436	0.0089808617356939	NA
rs72840089	7682439	0.076	0.00898045569324679	NA
rs35714964	8401660	-0.346	0.00898027330978157	NA
rs1042567	8378693	-0.353	0.00897965510238086	NA
rs7220736	8233263	-3.156	0.00897875752050459	NA
rs62059687	7686770	0.008	0.00897817592141514	NA
rs12602902	8255415	1.167	0.00897724557229396	NA
rs9896797	8443126	-0.393	0.00897626124714845	NA
rs1579275	8255791	1.169	0.0089747210526675	NA
rs11654886	8253971	1.17	0.00897346203727412	NA
rs3744653	8396010	-0.39	0.00897077839893612	NA
rs4791531	8244296	-3.159	0.00896962966907477	NA
rs10775386	8403773	-0.353	0.00896590187004509	NA
rs59752684	8154615	1.724	0.00896497463444412	NA
rs4724	7760397	-0.185	0.0089649666057251	NA
rs59942153	8207240	0.517	0.00896384348249024	NA
rs28549738	8207441	0.517	0.00896384348249024	NA
rs12453250	7761512	-0.22	0.00896359969962801	NA
rs76727513	8155662	1.72	0.00896001929547763	NA
rs7208948	8199529	0.27	0.00895902148852501	NA
rs11078756	8423994	-0.363	0.00895900092087376	NA
rs59306060	8255058	1.183	0.0089572912384871	NA
rs11653709	8253533	1.184	0.00895606240813984	NA
rs3744249	7751778	-0.212	0.00895374048667019	NA
rs62064315	8251468	1.186	0.00895361119527116	NA
rs113737333	8179150	1.441	0.0089533846298937	NA
rs73250883	8253948	1.171	0.00895306049773281	NA
rs7218568	8251364	1.187	0.00895238881103144	NA
rs11658036	8253636	1.187	0.00895238881103144	NA
rs8082067	8393010	-0.432	0.00895188711937389	NA
rs9907759	7718495	0.282	0.00895172936124577	NA
rs12601097	8243661	-3.144	0.00895110578650649	NA
rs398767	8260366	-3.175	0.00895005012388861	NA
rs117347460	8097171	4	0.00894743309727364	NA
rs1566327	8419594	-0.373	0.00894677849851611	NA
rs2302868	8214315	0.279	0.00894482386813611	NA
rs971872	8441212	-0.419	0.00894415650436398	NA
rs58789560	8254942	1.194	0.00894389218920366	NA
rs2270445	8219478	4.619	0.00894258157497108	NA
rs112431575	8178616	1.432	0.00894246453462466	NA
rs11650530	8409156	-0.378	0.00894074770634012	NA
rs8079726	8435205	-0.422	0.0089405455405589	NA
rs7208783	8441776	-0.426	0.00893576086042025	NA
rs9900848	8099371	1.255	0.0089357261716041	NA
rs28653041	8425669	-0.409	0.00893265250021269	NA
rs12325856	8474173	-0.37	0.0089322019588467	NA
rs8073785	8257986	0.774	0.00893214771592099	NA
rs7225220	8163374	0.909	0.008931611932113	NA
rs11649994	8421015	-0.386	0.008931209616447	NA
rs67845466	8378694	-0.393	0.00893063324681753	NA
rs10775387	8425181	-0.387	0.00893002695880651	NA
rs4791713	8426603	-0.375	0.00892956781350396	NA
rs9892997	8407485	-0.413	0.00892938709983149	NA
rs9911427	7971640	-0.798	0.00892627091577092	NA
rs8065961	8155872	1.683	0.00892543933584478	NA
rs9905423	8444546	-0.435	0.00892512016900526	NA
rs4791721	8437379	-0.436	0.00892394852063916	NA
rs1391767	8320988	-0.98	0.00892304191790538	NA
rs3744260	7621943	-0.473	0.00891781404528613	NA
rs2270743	8393979	-0.434	0.00891651544954086	NA
rs9900397	8151476	1.725	0.00891647724253086	NA
rs62064314	8251205	1.219	0.00891440152308032	NA
rs62063154	8200248	0.138	0.00891407126980315	NA
rs7207355	8175001	2.713	0.00890770296912646	NA
rs58692294	8427487	-0.407	0.00890682030520862	NA
rs59237782	8427575	-0.407	0.00890682030520862	NA
rs117819634	8140937	1.673	0.00890435774388665	NA
rs28396083	8270547	-1.693	0.00890278176869741	NA
rs2132102	8426431	-0.436	0.008901396729598	NA
rs6416895	8409336	-0.438	0.00889914291040161	NA
rs1861954	8198504	0.518	0.0088985136929357	NA
rs7212876	8403074	-0.435	0.0088976462747764	NA
rs4791715	8428148	-0.416	0.0088966537250581	NA
rs6416892	8042860	-4.482	0.00889604738100436	NA
rs4791714	8427944	-0.417	0.00889553465585502	NA
rs62064325	8255968	0.783	0.00889244983207216	NA
rs4792590	8117115	1.055	0.00889189764217824	NA
rs12939638	8407174	-0.421	0.008891079444173	NA
rs3744259	7622209	-0.479	0.00889094732819073	NA
rs1874916	8329686	-0.987	0.00888950633943963	NA
rs12936935	8243785	-3.09	0.00888839745893433	NA
rs8068367	8181058	2.537	0.00888669219382665	NA
rs875675	8482406	1.141	0.00888580732287214	NA
rs112315195	8164035	1.643	0.00888020909063059	NA
rs2030126	8324785	-0.941	0.00887906650925263	NA
rs12602294	8386204	-0.487	0.00887709794268077	NA
rs2036026	8408863	-0.46	0.00887490652500367	NA
rs76462320	8178934	1.371	0.00887298749234611	NA
rs9911644	7971701	-0.763	0.00887088288731352	NA
rs4791711	8406053	-0.44	0.00887037611678321	NA
rs1861952	8235304	-3.063	0.0088701991843606	NA
rs4791718	8428939	-0.467	0.00887004732478891	NA
rs438654	8268992	-1.723	0.00886978937845928	NA
rs393238	8271309	-1.723	0.00886978937845928	NA
rs971871	8441335	-0.48	0.00886576117350701	NA
rs971873	8440999	-0.489	0.0088648752931586	NA
rs17205049	8301167	-2.466	0.0088641932595509	NA
rs10852901	8491778	1.166	0.00886415191384782	NA
rs60071843	7689047	0.037	0.00886323848814974	NA
rs12600365	8437247	-0.447	0.00886293901820001	NA
rs7225835	8431453	-0.446	0.00886268152298442	NA
rs16957013	7772242	-0.165	0.00886114573714958	NA
rs79223863	8251559	0.812	0.00886107942351366	NA
rs1971300	8382184	-0.519	0.00885643124084501	NA
rs62063153	8199847	0.103	0.00885388993165726	NA
rs4791319	8428761	-0.484	0.00884962188992533	NA
rs4791618	8102415	4.576	0.00884727728330614	NA
rs8071444	8176577	2.499	0.00884636981167686	NA
rs4791474	7965613	0.475	0.00884357868718577	NA
rs7221412	8041014	-4.449	0.0088434010628381	NA
rs8066511	8066433	4.721	0.00884018650467044	NA
rs6503113	8298993	-2.456	0.00883935321125551	NA
rs4791636	8155115	1.612	0.00883906342886542	NA
rs7226153	8431601	-0.47	0.00883796899223155	NA
rs10048190	8488418	1.117	0.00883757654566097	NA
rs4792734	8208155	0.401	0.00883576877680481	NA
rs10468467	8164578	1.318	0.00883428201994518	NA
rs34648012	8407359	-0.479	0.00883023789179782	NA
rs74561499	8211835	0.407	0.00882980450358384	NA
rs11078742	8257082	1.299	0.00882887773131169	NA
rs3922494	7974498	0.899	0.00882863400462064	NA
rs8081825	8431171	-0.482	0.00882728076427286	NA
rs8066140	8406564	-0.508	0.00882553269599573	NA
rs7217409	8403327	-0.48	0.00882366849967775	NA
rs56375951	8400839	-0.51	0.00882357891860164	NA
rs7225733	8400640	-0.486	0.00882346375978349	NA
rs11651129	8383199	-0.542	0.00882069069866054	NA
rs2304909	8066107	4.705	0.00881994947712506	NA
rs7503044	8236797	-1.468	0.00881911422715531	NA
rs2909439	8275001	-1.722	0.00881887329758058	NA
rs12952840	8293578	1.317	0.00881705963354817	NA
rs9674442	8382120	-0.602	0.00881529112825052	NA
rs4792621	8137737	1.015	0.00881400674250243	NA
rs6503062	7713781	0.298	0.0088132396082985	NA
rs6503098	8194319	2.48	0.0088132215933977	NA
rs7212791	8491250	1.114	0.00881196654019745	NA
rs1123547	7619861	-0.354	0.0088118096765476	NA
rs7213629	8427981	-0.498	0.0088106420527988	NA
rs12603536	8256758	1.321	0.00880768649686903	NA
rs12601577	8256755	1.322	0.00880674684244698	NA
rs62064293	8242095	1.339	0.00880612942359582	NA
rs12603946	8256723	1.323	0.00880580923349106	NA
rs4239096	8486364	1.052	0.00880417553851898	NA
rs11078739	8183681	2.226	0.00880413780147482	NA
rs6503089	8073296	4.693	0.00880292394492244	NA
rs4792346	8257613	-3.085	0.00879864395592456	NA
rs2279746	8440750	-0.513	0.00879780601639979	NA
rs8079836	8429974	-0.557	0.00879765162065871	NA
rs11867743	8258315	1.883	0.00879629595269993	NA
rs11867744	8258319	1.882	0.00879538143505487	NA
rs1059476	8108331	1.41	0.00879357982375761	NA
rs36041343	7557630	-0.526	0.00879332049672543	NA
rs8081677	8439598	-0.517	0.00879301425373602	NA
rs11650137	8377201	-0.53	0.0087926531986231	NA
rs435769	8259743	0.839	0.00878699013172723	NA
rs3744258	7623394	-0.38	0.0087863790144469	NA
rs268459	8484683	1.031	0.00878503058793623	NA
rs57174739	8209517	0.456	0.00878386085095051	NA
rs931672	8360649	-0.548	0.00878370520634375	NA
rs4130668	7739664	-0.662	0.00878019549311404	NA
rs11078736	8152930	2.864	0.00877984422930489	NA
rs8069864	8257795	-3.063	0.00877888279176731	NA
rs11655996	8094753	3.813	0.0087768724821502	NA
rs11245	8193473	2.44	0.00877675709486558	NA
rs62062609	7631694	-0.492	0.0087743828981397	NA
rs11658981	8257471	1.358	0.00877427660936592	NA
rs11078753	8356247	-0.559	0.00877406735552844	NA
rs2289591	8048010	3.69	0.00877379638861497	NA
rs11654150	8257499	1.359	0.00877341221559302	NA
rs112600059	8169350	1.149	0.00877338197862887	NA
rs9905830	7715481	0.252	0.00877156879557561	NA
rs62062613	7642035	-0.445	0.00877145461442963	NA
rs9911486	8214567	0.394	0.00876709386657415	NA
rs78286057	8152039	3.846	0.0087663772208938	NA
rs3930740	8294959	-1.74	0.00876555118252342	NA
rs12450973	8101965	1.519	0.00876539183425429	NA
rs12937278	8355629	-0.571	0.00876383248562995	NA
rs268456	8482647	1.006	0.00876243654831821	NA
rs11870307	7617787	-0.307	0.00876114271526451	NA
rs112008397	7636959	-0.475	0.00875995907641491	NA
rs8064655	8360460	-0.604	0.00875671579608628	NA
rs9890661	8253488	-2.993	0.00875518846573731	NA
rs12601362	8296383	-1.782	0.00875291805447587	NA
rs28593705	8244232	0.93	0.0087525552252169	NA
rs62062611	7634055	-0.465	0.00875174632498077	NA
rs144103726	8185595	1.122	0.00875080599776823	NA
rs12603342	8208773	0.726	0.00875026962219971	NA
rs8069818	8323404	-0.804	0.00874957209448957	NA
rs8069158	8241673	1.404	0.00874949741390185	NA
rs62064288	8229750	1.341	0.00874912405838424	NA
rs78605249	8177326	1.119	0.00874838805151523	NA
rs74252612	8142100	3.823	0.0087460156562793	NA
rs8066513	8066441	4.634	0.00874394772304721	NA
rs147130570	8107027	1.505	0.00874219446819446	NA
rs62062610	7633766	-0.451	0.00874058547807144	NA
rs62063147	8184309	0.353	0.00874044796034423	NA
rs7221194	8240800	-3.041	0.00874041982031082	NA
rs35261231	8376954	-0.625	0.00873986328281506	NA
rs79108069	8182299	1.107	0.00873889655354632	NA
rs62063145	8183940	0.355	0.00873888600697148	NA
rs4791710	8386666	-0.661	0.00873807987383546	NA
rs3744652	8339283	-0.628	0.00873752787757254	NA
rs140388689	8145433	3.841	0.00873731463459415	NA
rs12937410	7977105	0.83	0.00873698500886455	NA
rs7213495	8244978	1.42	0.00873686313881139	NA
rs7218192	8244983	1.42	0.00873686313881139	NA
rs62063151	8189662	0.358	0.00873655806659523	NA
rs56850853	8245668	1.422	0.00873577345453302	NA
rs6503072	7958845	-0.156	0.00873560621568426	NA
rs7223859	8080853	3.751	0.00873503197841374	NA
rs7219102	7977368	0.827	0.00873467179897991	NA
rs113818338	8169138	1.101	0.00873425877167655	NA
rs4792700	8166091	1.369	0.00873406862500636	NA
rs3744262	7613765	-0.163	0.00873394766884705	NA
rs10468482	8162820	1.432	0.00873386806100929	NA
rs57799067	8245529	1.42	0.00873372706534115	NA
rs8065812	8339494	-0.633	0.0087336754844064	NA
rs12943033	8353365	-0.625	0.00873339281936969	NA
rs72829783	7625197	-0.358	0.00873332787820191	NA
rs16956936	7633692	-0.438	0.00873057270349475	NA
rs7216087	8233061	1.349	0.00872853708819221	NA
rs8067999	8241702	1.431	0.00872847377747743	NA
rs9905816	8238923	-3.024	0.00872740487726531	NA
rs11654538	8245234	1.434	0.00872622761641983	NA
rs59204596	8245291	1.434	0.00872622761641983	NA
rs60447353	8245692	1.435	0.00872592127109373	NA
rs58424138	8245656	1.436	0.00872517735229561	NA
rs6503097	8190253	2.119	0.00872399480690134	NA
rs8075453	7957528	-0.147	0.00872253741741047	NA
rs4792722	8186138	2.506	0.00872194980472374	NA
rs112412559	8237137	0.972	0.00872103776501021	NA
rs80303241	8182515	1.082	0.00872004576954921	NA
rs12952489	8241891	-3.001	0.00871852192761868	NA
rs2278637	8062102	4.441	0.00871810031228937	NA
rs62064287	8229219	1.383	0.00871647344427984	NA
rs12952400	8354833	-0.633	0.00871555557294068	NA
rs11652218	8183883	2.48	0.00871479584258272	NA
rs8079233	8326078	-0.733	0.00871455736109095	NA
rs3817003	8363624	-0.652	0.00871346997395817	NA
rs12937245	7778890	0.283	0.00871314649208388	NA
rs8074318	8257981	-2.306	0.0087128948044255	NA
rs78241146	8189829	1.144	0.00871252988304683	NA
rs8077982	8362581	-0.662	0.00871195736553032	NA
rs3744650	8230449	-3.008	0.00870971969411105	NA
rs111766775	8187243	1.065	0.00870793650833512	NA
rs9911432	7962160	-0.465	0.00870687014512839	NA
rs62062612	7635265	-0.405	0.00870666518429941	NA
rs17733320	7669870	-0.127	0.00870634966582295	NA
rs62063148	8184550	0.4	0.0087058478951848	NA
rs268461	8479288	-0.466	0.00870579298865792	NA
rs4791669	8226880	-2.985	0.00870267615509701	NA
rs6416893	8177048	1.774	0.00870263640737401	NA
rs4297769	7944048	-0.777	0.00870172711040385	NA
rs7222731	8116232	1.71	0.00869990164970513	NA
rs16956939	7635815	-0.393	0.0086985059369391	NA
rs78751286	8182455	1.048	0.00869639862752725	NA
rs3027244	8131665	-0.021	0.00869635053422946	NA
rs8072211	8376696	-0.664	0.00869346876156996	NA
rs111417202	8192970	1.039	0.00869052087340538	NA
rs2871358	7675473	-0.177	0.00869044099445826	NA
rs12945939	8253984	-2.929	0.00868947583285062	NA
rs3969432	8251911	-2.951	0.00868702689461798	NA
rs4791535	8252243	-2.951	0.00868702689461798	NA
rs7207330	8353136	-0.7	0.00868684059648173	NA
rs4792588	8116821	1.424	0.00868559778233391	NA
rs9914116	8256493	-2.948	0.00868513630176104	NA
rs2201466	8355481	-0.704	0.00868432458584267	NA
rs4792589	8117088	1.421	0.00868371957255687	NA
rs959303	8062199	4.414	0.00868232946651948	NA
rs12946513	8286761	1.121	0.00867852144127146	NA
rs4247362	7944542	-0.756	0.00867582456754046	NA
rs12938349	8368590	-0.717	0.00867455582947418	NA
rs78393363	8181291	0.449	0.00867442308469435	NA
rs62063143	8179528	0.212	0.00867417253544667	NA
rs961	8378932	-0.738	0.00867339433016101	NA
rs3027167	8059117	4.392	0.00867268430093859	NA
rs78410359	8170830	1.01	0.00867266265358901	NA
rs8069254	7967045	-0.082	0.00867226413907374	NA
rs113989089	8188266	1.122	0.00866851414000791	NA
rs111476121	8191938	1.122	0.00866851414000791	NA
rs113617815	8191951	1.122	0.00866851414000791	NA
rs11078738	8167600	2.397	0.00866813045868264	NA
rs62063140	8170580	0.46	0.00866801529411543	NA
rs4792267	8061337	4.388	0.00866691977764433	NA
rs7216400	8210667	0.852	0.00866425911968127	NA
rs113761649	8190416	0.946	0.00866298076152328	NA
rs12939056	7754993	-0.498	0.00866162705918261	NA
rs139330504	8181032	0.018	0.00865948350651191	NA
rs72479723	8076741	3.663	0.00865821781409015	NA
rs7221056	7711126	-0.611	0.00865648587551748	NA
rs1641510	7561496	0.618	0.00865616852031714	NA
rs11649797	8477406	-0.732	0.00865507117692343	NA
rs60377846	7971179	-0.552	0.00865506630368917	NA
rs12945870	7737331	-0.479	0.00865505571117731	NA
rs9912616	7716380	-0.549	0.00865414155577804	NA
rs7216823	8210590	1.85	0.00865411904642521	NA
rs4792144	7947113	-0.716	0.0086534691938166	NA
rs6503073	7963356	-0.047	0.00865294335776801	NA
rs8069739	8078765	4.35	0.00865133907652049	NA
rs4577149	8352844	-0.763	0.008650844409681	NA
rs74919454	8215047	0.965	0.00865022756437273	NA
rs3027251	8129691	1.177	0.00865018840317267	NA
rs56371490	7615143	-0.038	0.00864947292445495	NA
rs11655828	7945079	-0.706	0.008648366224704	NA
rs56346215	8076917	3.613	0.00864767868215099	NA
rs41283405	7557060	-0.07	0.00864698429424771	NA
rs3744783	8112407	1.591	0.00864385969398096	NA
rs75355362	8206580	0.449	0.00864212373638995	NA
rs9891744	7574864	-0.015	0.00864170710100753	NA
rs111617716	8203511	0.452	0.00864070493161007	NA
rs55809496	7759477	-0.433	0.00864063786476033	NA
rs150491398	8074039	3.624	0.00863877310326044	NA
rs3027172	8055723	3.608	0.0086384041060733	NA
rs869773	8192922	1.2	0.00863805711822441	NA
rs7213527	8245040	-2.868	0.00863454084300808	NA
rs6503103	8245165	-2.867	0.00863409821708094	NA
rs6503075	7978751	0.409	0.00863344628381857	NA
rs62059664	7670236	-0.208	0.00863167409958676	NA
rs3027260	8113186	1.62	0.00863067107843207	NA
rs9901439	8283590	1.07	0.00862906887018589	NA
rs55649728	7715591	-0.558	0.00862855526633	NA
rs56970209	8190242	0.994	0.00862829854739366	NA
rs34289079	7593319	-0.127	0.00862826179807041	NA
rs7214527	8333141	-0.836	0.00862774151027113	NA
rs17879377	7574721	-0.369	0.00862639660879805	NA
rs7503115	7945593	-0.653	0.00862454546286995	NA
rs9891293	7971267	-0.257	0.00862402714156085	NA
rs8071689	8288536	1.057	0.00862377654923563	NA
rs62059665	7671942	-0.246	0.0086233214329563	NA
rs140092396	8149301	0.12	0.00862241657404716	NA
rs7210576	8281645	1.082	0.00861874920687244	NA
rs8531	8092694	2.155	0.00861683684102543	NA
rs62063136	8148530	1.042	0.0086145225592279	NA
rs3744647	8224276	-2.825	0.00861390687031971	NA
rs8068069	8288766	1.029	0.00861347879071439	NA
rs8073913	7961377	-0.454	0.00861304035579136	NA
rs7211321	7952935	0.377	0.00861141573891688	NA
rs62063135	8147745	1.031	0.00861082357231824	NA
rs1391768	8340866	-0.847	0.00861074864047884	NA
rs4239111	7811998	-0.333	0.00860914053135298	NA
rs11652762	8314726	-0.458	0.00860905970371206	NA
rs11655563	8169006	1.911	0.00860886804530059	NA
rs11656359	8069021	4.239	0.00860860772682026	NA
rs9891699	8157310	1.675	0.00860572296978768	NA
rs62064332	8289029	1.003	0.00860525935151046	NA
rs9907217	8210601	1.939	0.00860297623757333	NA
rs6503094	8158273	1.685	0.00860275458193926	NA
rs12952757	8084676	2.717	0.00860131185824686	NA
rs3826543	8132763	1.995	0.00860092826886605	NA
rs12951103	8172732	2.053	0.0086006589894495	NA
rs183078459	8202821	0.565	0.00859985127558138	NA
rs145192396	8205211	0.567	0.00859934796480055	NA
rs428025	8505455	-0.842	0.00859934747751023	NA
rs1431307	8479841	-0.679	0.00859893784272259	NA
rs12603935	7975452	-0.639	0.00859888284342469	NA
rs8067606	8066783	4.183	0.00859879729949398	NA
rs112609247	8203264	0.571	0.00859836417686999	NA
rs113942281	8207383	0.571	0.00859836417686999	NA
rs62063139	8163324	0.985	0.00859785655354273	NA
rs2131810	7701806	-0.368	0.00859756206553441	NA
rs112418852	8202009	0.575	0.00859741082491761	NA
rs72841769	8316394	-0.415	0.00859726243979897	NA
rs4791840	7744193	-0.061	0.00859636778558859	NA
rs56095308	7676359	-0.354	0.00859547738779143	NA
rs56187054	7707839	-0.432	0.00859514413069851	NA
rs576781945	8205644	0.587	0.00859473328312832	NA
rs77535996	8154240	0.887	0.00859372351182619	NA
rs7218366	8112440	1.016	0.00859338157812795	NA
rs3027169	8058814	3.454	0.00859311507439053	NA
rs111683614	7700303	-0.444	0.00859269962312381	NA
rs76091569	8142824	1.093	0.00859221615862671	NA
rs8074085	7769705	0.16	0.00859218181038424	NA
rs8073332	7705410	-0.456	0.00859052852404507	NA
rs1565816	7767488	-0.084	0.00859030595114207	NA
rs9889450	8206186	1.726	0.00858979166880325	NA
rs62063138	8162862	0.904	0.00858907048880697	NA
rs7406902	7781084	0.083	0.00858882431626473	NA
rs8072174	7701204	-0.414	0.00858873848148334	NA
rs9902252	8168224	2.17	0.00858831455436782	NA
rs11654033	8315649	-0.367	0.00858824641051825	NA
rs8075527	7968360	0.339	0.00858784198110119	NA
rs4290529	7767731	-0.015	0.00858762689397219	NA
rs7219784	8207593	1.744	0.00858719361438498	NA
rs112362663	8165943	0.924	0.00858666207652592	NA
rs11078710	7777041	0.066	0.00858656156944737	NA
rs3744646	8224133	-2.074	0.00858595446456556	NA
rs4791707	8366163	-0.93	0.00858593076655434	NA
rs72841768	8315395	-0.273	0.00858556391741261	NA
rs3027160	8057572	3.431	0.00858494851612479	NA
rs8522	7760704	-0.015	0.00858470191473182	NA
rs17884306	7572101	-0.293	0.00858428208256945	NA
rs2270517	7750847	-0.11	0.00858409122623405	NA
rs4265881	7774759	-0.013	0.00858330097099225	NA
rs72829446	7552123	0.194	0.00858325684688999	NA
rs9897842	8168805	1.93	0.00858310265533624	NA
rs8078725	7776581	0.017	0.00858310157048336	NA
rs75732100	7576348	-0.251	0.0085830573339738	NA
rs72829457	7568327	0.223	0.00858298009994252	NA
rs307627	7625063	-0.014	0.00858291429980729	NA
rs8069620	8241651	0.984	0.00858290265773065	NA
