snp	chr	pos	beta_exp	se_exp	eaf	beta_out	se_out	n_out
20:43538733	20	43538733	0.0278367	0.0045507	0.4361	0.0	0.00683789	43649.8
1:110086451	1	110086451	0.0392352	0.00568886	0.806886	-0.00264609	0.00864734	43676.8
19:18449238	19	18449238	0.0281132	0.00512565	0.733926	-0.00418191	0.00777307	43282.1
11:33759092	11	33759092	-0.0672744	0.0078366	0.909159	0.00499872	0.0116793	42959.0
14:84253271	14	84253271	0.0272319	0.00461608	0.603659	0.00918405	0.00693136	43386.9
1:7888438	1	7888438	-0.0555478	0.00566145	0.803508	-0.0213096	0.0086801	43608.5
4:62881399	4	62881399	0.0298781	0.00521233	0.751201	0.0156853	0.00796206	43126.5
6:110244765	6	110244765	0.0562524	0.009965	0.945063	-0.00663266	0.0145773	43488.6
3:49914397	3	49914397	0.031956	0.0045329	0.556466	-0.00621062	0.00683989	43559.2
2:4651199	2	4651199	0.0321137	0.00450856	0.481825	-0.00945463	0.00676781	43692.6
3:50919168	3	50919168	0.036849	0.00616295	0.841114	-0.0151327	0.00913257	43552.1
12:106989915	12	106989915	-0.0327762	0.00506843	0.274962	-0.0122985	0.00755435	43120.9
9:76679777	9	76679777	0.0828273	0.0123021	0.965073	0.00362992	0.0211042	40545.6
16:72229532	16	72229532	0.0356701	0.00604233	0.832897	-0.00549874	0.00891206	43622.8
11:122814474	11	122814474	0.040119	0.00691498	0.879064	-0.00259998	0.0106122	43459.2
3:23330101	3	23330101	0.0264805	0.00479571	0.673726	-4.30028e-05	0.00716713	43706.1
16:56352854	16	56352854	0.0361429	0.00464362	0.604904	0.00411186	0.00688754	43614.0
5:104042643	5	104042643	-0.0290428	0.00451308	0.503965	0.00236484	0.0068348	42866.9
3:132971327	3	132971327	0.0297983	0.00497014	0.711759	0.000293013	0.00751314	43653.7
11:115149728	11	115149728	0.0327187	0.00571333	0.807669	-0.00546912	0.00870879	43797.4
2:198921604	2	198921604	-0.0298469	0.00467197	0.626068	0.00557768	0.00706036	42500.0
3:18154519	3	18154519	0.0297334	0.00455373	0.450075	-0.00236922	0.00682773	43168.6
1:179417780	1	179417780	-0.0275921	0.00483431	0.317102	-0.00848295	0.00727526	43644.2
17:57111269	17	57111269	-0.0275361	0.00490408	0.6945	-0.00248026	0.00751595	42677.1
9:8310813	9	8310813	-0.0493619	0.00817039	0.917117	0.00204913	0.0123441	43736.3
11:30393360	11	30393360	-0.0274758	0.00452333	0.516254	0.0125508	0.00678419	43533.0
11:58370698	11	58370698	0.033727	0.00527519	0.759944	0.000490983	0.00791907	43749.0
18:60240352	18	60240352	-0.0279869	0.00451706	0.470982	-0.0039192	0.00679237	43601.3
12:34051765	12	34051765	0.0470002	0.00462556	0.612304	-0.0134534	0.00696346	43516.4
5:115904410	5	115904410	0.0306919	0.00514017	0.738161	-0.0139232	0.00784404	43336.9
1:91191582	1	91191582	-0.0430894	0.00533877	0.769471	0.0152321	0.00832809	42855.7
4:2832189	4	2832189	0.0354509	0.00615616	0.837855	0.00214655	0.00909554	42813.7
2:149390435	2	149390435	-0.0396714	0.00686993	0.87783	-0.00310678	0.0103215	43448.1
3:48405661	3	48405661	-0.0544457	0.00863205	0.925248	-0.00402645	0.013649	42698.5
2:206956138	2	206956138	-0.061814	0.00966021	0.942004	0.0075454	0.0149119	43560.8
12:24065752	12	24065752	0.0317771	0.00453388	0.55303	-0.000430587	0.00683471	43514.0
22:40704052	22	40704052	0.0377065	0.00457846	0.42411	-0.0100353	0.00685474	43280.5
10:60568697	10	60568697	0.0288453	0.00516506	0.2553	0.00710847	0.00770148	43437.0
17:8057367	17	8057367	0.0626693	0.00813849	0.0835266	0.0106269	0.0116268	42226.4
4:118315560	4	118315560	0.0394057	0.00677257	0.872986	0.00877217	0.0101062	43684.7
11:16615883	11	16615883	0.0346051	0.00599706	0.828665	0.0022216	0.00918018	42874.8
6:153135378	6	153135378	-0.0422581	0.00479665	0.672827	-0.00656293	0.0072041	43694.2
1:20011712	1	20011712	0.032444	0.00546486	0.217473	0.00446477	0.00811776	43747.4
16:53800954	16	53800954	-0.0416273	0.00459528	0.59687	0.00431761	0.00690818	43350.4
12:112510404	12	112510404	0.0297328	0.0050014	0.717936	0.00423245	0.00762603	43722.0
1:77775233	1	77775233	-0.0582789	0.00587503	0.82194	-0.0128616	0.00898153	43281.3
3:24935790	3	24935790	-0.0317863	0.0045329	0.528035	0.00219311	0.0068109	43485.4
1:96956769	1	96956769	0.0272344	0.0045089	0.475882	0.00111285	0.00678568	43602.9
6:50938247	6	50938247	-0.0342886	0.00609809	0.836792	-0.00739407	0.00906136	43565.6
1:174421994	1	174421994	-0.0646983	0.011744	0.961665	-0.00261541	0.0175531	41563.7
2:239307113	2	239307113	0.0825698	0.00798588	0.912884	0.00121116	0.0123588	43779.2
7:32262377	7	32262377	-0.0294686	0.00466454	0.384427	0.00529452	0.00697566	43573.5
5:26016363	5	26016363	-0.0280609	0.00465694	0.380528	0.0115743	0.0069851	43578.3
12:38908389	12	38908389	0.0477061	0.00455758	0.564644	-0.0125398	0.00683366	43508.4
7:50642701	7	50642701	-0.029923	0.00452547	0.50325	0.00578204	0.00677847	43534.6
8:76614958	8	76614958	0.0328285	0.00543138	0.778752	0.00100916	0.00827183	43757.7
2:77217310	2	77217310	0.0333663	0.00451125	0.501844	0.00600293	0.00677531	43596.6
10:125124884	10	125124884	0.0266711	0.00476984	0.656185	0.00267315	0.00714747	43760.1
12:63516126	12	63516126	0.0475212	0.00687518	0.877633	0.00293275	0.0103631	43680.7
18:38152835	18	38152835	-0.0362004	0.00452995	0.470293	-0.00350514	0.00681933	43170.2
16:60627491	16	60627491	-0.0307897	0.00462	0.610647	0.00302923	0.00696374	43687.9
7:24081463	7	24081463	0.0288704	0.00505089	0.725426	-0.010605	0.0075266	43570.4
17:65475228	17	65475228	-0.0265539	0.0045291	0.538655	-0.00681757	0.00686563	42920.0
1:15928583	1	15928583	-0.0353333	0.00621376	0.844043	0.0154647	0.00938962	42802.5
17:46077967	17	46077967	0.0303562	0.00540798	0.771778	0.00782244	0.00823415	42974.0
7:96474878	7	96474878	-0.0424076	0.00577473	0.186957	-0.00735104	0.00850815	43746.6
1:150327106	1	150327106	-0.0346078	0.00459127	0.604254	-0.00768352	0.00690964	43764.9
9:126317324	9	126317324	0.0323011	0.00511442	0.733086	-0.000432009	0.00757911	43697.4
13:94105884	13	94105884	0.0283759	0.00518535	0.746028	-0.0159948	0.0078291	43759.3
5:152540354	5	152540354	-0.0336963	0.00451163	0.482294	0.00425924	0.00677145	43685.5
8:31671330	8	31671330	0.026079	0.00457953	0.58516	0.00177978	0.00689836	43571.1
2:61606566	2	61606566	0.0296842	0.00466945	0.366787	0.0134247	0.00703233	42932.0
18:56824041	18	56824041	0.0406117	0.0049227	0.695679	0.0078949	0.0075118	43391.7
9:37367094	9	37367094	0.0279091	0.00461881	0.602903	0.00337587	0.00694624	43591.0
19:47003906	19	47003906	0.0328734	0.00608396	0.834403	0.00852548	0.00946224	43348.0
13:77568732	13	77568732	0.108483	0.0124737	0.966149	0.00642118	0.0191677	41553.4
9:131961845	9	131961845	0.0279838	0.00451996	0.486591	-0.00143581	0.0067727	43677.5
7:115676877	7	115676877	0.0252952	0.00453478	0.440956	-0.0149587	0.00682112	43483.8
17:61181112	17	61181112	-0.0305453	0.00534573	0.767481	0.00252167	0.0079548	43531.4
11:27670108	11	27670108	-0.0346935	0.00562434	0.799452	0.000517761	0.00835099	43786.3
3:160755062	3	160755062	-0.0278255	0.00476992	0.649417	0.00923799	0.00715015	42640.6
3:156342849	3	156342849	0.0293301	0.00472786	0.3605	-0.000530461	0.00707281	43487.8
8:53145698	8	53145698	-0.0329101	0.00583263	0.816231	0.0147979	0.00863858	43709.3
13:56281271	13	56281271	0.0322479	0.00579356	0.811186	-0.0088018	0.00876673	43530.7
12:90452978	12	90452978	-0.0318282	0.00457585	0.595837	0.0118215	0.00692936	43560.0
2:48986474	2	48986474	0.0577481	0.00972354	0.942058	-0.00663953	0.0136056	43510.8
8:101950038	8	101950038	0.0285814	0.00463098	0.387169	0.00482308	0.00692971	43379.8
1:115108870	1	115108870	-0.0252152	0.00462393	0.385278	0.00109194	0.00695501	43741.1
10:126710791	10	126710791	0.0300498	0.00533885	0.767248	0.0230163	0.00805893	43083.6
5:151503473	5	151503473	-0.0339033	0.00624233	0.844033	-0.00288467	0.00948904	43600.5
2:50460480	2	50460480	-0.0536212	0.00854512	0.924493	0.00566171	0.0132283	43546.5
9:115202610	9	115202610	0.0270426	0.00495784	0.292722	-0.000570404	0.00740784	43681.5
20:16239683	20	16239683	-0.0275925	0.00456112	0.564251	0.0165615	0.00684644	43268.6
1:21163921	1	21163921	-0.0312547	0.00462739	0.6179	0.0160532	0.00693741	43624.3
3:77301121	3	77301121	-0.0326372	0.00511118	0.73032	-0.00137179	0.00783882	42788.2
8:33680979	8	33680979	-0.0318374	0.00465169	0.613053	0.00303919	0.00703515	43248.0
6:13191447	6	13191447	-0.0371942	0.00491617	0.694286	0.000714936	0.00737048	43364.7
9:86429305	9	86429305	-0.0292561	0.0051628	0.744235	0.0150292	0.00766405	43637.0
