gene	top_chi2	top_P	top_SNP	gws
RORB	10.10	0.001485	rs62569670	0
CRY1	9.58	0.001965	rs114298876	0
CSNK1E	8.76	0.003076	rs135721	0
PER3	8.34	0.003882	rs72632072	0
NPAS2	7.77	0.005324	rs3811559	0
NR1D2	7.69	0.005554	rs9821257	0
BHLHE40	7.45	0.006343	rs4496464	0
TIMELESS	7.27	0.007015	rs2657910	0
RORA	7.08	0.007818	rs12439143	0
BHLHE41	6.75	0.009363	rs61915680	0
DBP	6.48	0.0109	rs28432259	0
NFIL3	5.90	0.01514	rs12001634	0
ARNTL2	5.71	0.01686	rs113497858	0
CLOCK	5.56	0.01831	rs504836	0
FBXL3	4.96	0.02592	rs2301581	0
NR1D1	4.90	0.0269	rs16965666	0
PER1	4.79	0.02866	rs2585408	0
RORC	4.71	0.02992	rs114849825	0
CRY2	4.32	0.0377	rs61882476	0
PER2	4.06	0.04401	rs59940899	0
ARNTL	3.71	0.05405	rs11022775	0
CIART	2.42	0.1198	rs112768027	0
CSNK1D	0.86	0.3548	rs8079388	0
